{
    "vidore/arxivqa_test_subsampled": {
        "ndcg_at_1": 0.696,
        "ndcg_at_3": 0.74807,
        "ndcg_at_5": 0.7615,
        "ndcg_at_10": 0.77865,
        "ndcg_at_20": 0.78729,
        "ndcg_at_100": 0.79985,
        "ndcg_at_1000": 0.80342,
        "map_at_1": 0.696,
        "map_at_3": 0.735,
        "map_at_5": 0.7426,
        "map_at_10": 0.74949,
        "map_at_20": 0.75189,
        "map_at_100": 0.75359,
        "map_at_1000": 0.75377,
        "recall_at_1": 0.696,
        "recall_at_3": 0.786,
        "recall_at_5": 0.818,
        "recall_at_10": 0.872,
        "recall_at_20": 0.906,
        "recall_at_100": 0.974,
        "recall_at_1000": 1.0,
        "precision_at_1": 0.696,
        "precision_at_3": 0.262,
        "precision_at_5": 0.1636,
        "precision_at_10": 0.0872,
        "precision_at_20": 0.0453,
        "precision_at_100": 0.00974,
        "precision_at_1000": 0.001,
        "mrr_at_1": 0.692,
        "mrr_at_3": 0.735,
        "mrr_at_5": 0.7414999999999999,
        "mrr_at_10": 0.7478269841269841,
        "mrr_at_20": 0.7500848695422223,
        "mrr_at_100": 0.7520529550652136,
        "mrr_at_1000": 0.7521933259744081,
        "naucs_at_1_max": 0.1061859647618638,
        "naucs_at_1_std": 0.20422686157671388,
        "naucs_at_1_diff1": 0.8973542818765095,
        "naucs_at_3_max": 0.10648773391334908,
        "naucs_at_3_std": 0.30274985902411566,
        "naucs_at_3_diff1": 0.8434196247909063,
        "naucs_at_5_max": 0.14430174114979047,
        "naucs_at_5_std": 0.2962789328507089,
        "naucs_at_5_diff1": 0.8361116865276214,
        "naucs_at_10_max": 0.11769343986543104,
        "naucs_at_10_std": 0.39688964315751496,
        "naucs_at_10_diff1": 0.8067553766670671,
        "naucs_at_20_max": 0.177364562846415,
        "naucs_at_20_std": 0.377744005403581,
        "naucs_at_20_diff1": 0.7879889544470284,
        "naucs_at_100_max": -0.12705595058535982,
        "naucs_at_100_std": 0.774689362924657,
        "naucs_at_100_diff1": 0.765890971773322,
        "naucs_at_1000_max": 1.0,
        "naucs_at_1000_std": 1.0,
        "naucs_at_1000_diff1": 1.0
    }
}