{
    "vidore/arxivqa_test_subsampled": {
        "ndcg_at_1": 0.714,
        "ndcg_at_3": 0.75681,
        "ndcg_at_5": 0.77015,
        "ndcg_at_10": 0.78713,
        "ndcg_at_20": 0.79632,
        "ndcg_at_100": 0.80962,
        "ndcg_at_1000": 0.8129,
        "map_at_1": 0.714,
        "map_at_3": 0.74667,
        "map_at_5": 0.75417,
        "map_at_10": 0.76126,
        "map_at_20": 0.76383,
        "map_at_100": 0.76578,
        "map_at_1000": 0.76594,
        "recall_at_1": 0.714,
        "recall_at_3": 0.786,
        "recall_at_5": 0.818,
        "recall_at_10": 0.87,
        "recall_at_20": 0.906,
        "recall_at_100": 0.976,
        "recall_at_1000": 1.0,
        "precision_at_1": 0.714,
        "precision_at_3": 0.262,
        "precision_at_5": 0.1636,
        "precision_at_10": 0.087,
        "precision_at_20": 0.0453,
        "precision_at_100": 0.00976,
        "precision_at_1000": 0.001,
        "mrr_at_1": 0.712,
        "mrr_at_3": 0.7456666666666666,
        "mrr_at_5": 0.7539666666666666,
        "mrr_at_10": 0.760604761904762,
        "mrr_at_20": 0.7631507203580734,
        "mrr_at_100": 0.7650470462349507,
        "mrr_at_1000": 0.7651677572439559,
        "naucs_at_1_max": 0.14914086254925563,
        "naucs_at_1_std": 0.2165446290318351,
        "naucs_at_1_diff1": 0.8828251243809075,
        "naucs_at_3_max": 0.12877850911486152,
        "naucs_at_3_std": 0.2666031682849282,
        "naucs_at_3_diff1": 0.8433959313648842,
        "naucs_at_5_max": 0.1670664297162035,
        "naucs_at_5_std": 0.30290227973964445,
        "naucs_at_5_diff1": 0.8429312807317844,
        "naucs_at_10_max": 0.08440346589646792,
        "naucs_at_10_std": 0.3782492779382357,
        "naucs_at_10_diff1": 0.7986817744204998,
        "naucs_at_20_max": 0.06644217970876264,
        "naucs_at_20_std": 0.4487951208852343,
        "naucs_at_20_diff1": 0.7640999662276267,
        "naucs_at_100_max": -0.15114379084967747,
        "naucs_at_100_std": 0.695455960161834,
        "naucs_at_100_diff1": 0.7591814503579168,
        "naucs_at_1000_max": 1.0,
        "naucs_at_1000_std": 1.0,
        "naucs_at_1000_diff1": 1.0
    }
}