{
    "vidore/arxivqa_test_subsampled": {
        "ndcg_at_1": 0.698,
        "ndcg_at_3": 0.74833,
        "ndcg_at_5": 0.75746,
        "ndcg_at_10": 0.77369,
        "ndcg_at_20": 0.78352,
        "ndcg_at_100": 0.79821,
        "ndcg_at_1000": 0.80142,
        "map_at_1": 0.698,
        "map_at_3": 0.736,
        "map_at_5": 0.7411,
        "map_at_10": 0.74783,
        "map_at_20": 0.75038,
        "map_at_100": 0.75233,
        "map_at_1000": 0.75248,
        "recall_at_1": 0.698,
        "recall_at_3": 0.784,
        "recall_at_5": 0.806,
        "recall_at_10": 0.856,
        "recall_at_20": 0.896,
        "recall_at_100": 0.976,
        "recall_at_1000": 1.0,
        "precision_at_1": 0.698,
        "precision_at_3": 0.26133,
        "precision_at_5": 0.1612,
        "precision_at_10": 0.0856,
        "precision_at_20": 0.0448,
        "precision_at_100": 0.00976,
        "precision_at_1000": 0.001,
        "mrr_at_1": 0.688,
        "mrr_at_3": 0.7296666666666669,
        "mrr_at_5": 0.7367666666666668,
        "mrr_at_10": 0.7426087301587303,
        "mrr_at_20": 0.7454680016406022,
        "mrr_at_100": 0.7472267099469243,
        "mrr_at_1000": 0.7473652839735637,
        "naucs_at_1_max": 0.08511966477360364,
        "naucs_at_1_std": 0.2154324685994328,
        "naucs_at_1_diff1": 0.8914747593609745,
        "naucs_at_3_max": 0.13291716844799104,
        "naucs_at_3_std": 0.2950380099352713,
        "naucs_at_3_diff1": 0.853205441818455,
        "naucs_at_5_max": 0.08285632071690659,
        "naucs_at_5_std": 0.2977021180387838,
        "naucs_at_5_diff1": 0.8403506428108963,
        "naucs_at_10_max": 0.10218554138750785,
        "naucs_at_10_std": 0.36783417981413513,
        "naucs_at_10_diff1": 0.8021801383185648,
        "naucs_at_20_max": 0.019246733559516786,
        "naucs_at_20_std": 0.4925647874106679,
        "naucs_at_20_diff1": 0.7844780913881464,
        "naucs_at_100_max": -0.17522564581388578,
        "naucs_at_100_std": 0.7028478057889749,
        "naucs_at_100_diff1": 0.6879863056333589,
        "naucs_at_1000_max": 1.0,
        "naucs_at_1000_std": 1.0,
        "naucs_at_1000_diff1": 1.0
    }
}