{
    "vidore/arxivqa_test_subsampled": {
        "ndcg_at_1": 0.692,
        "ndcg_at_3": 0.74302,
        "ndcg_at_5": 0.75378,
        "ndcg_at_10": 0.77053,
        "ndcg_at_20": 0.77852,
        "ndcg_at_100": 0.79442,
        "ndcg_at_1000": 0.7975,
        "map_at_1": 0.692,
        "map_at_3": 0.72967,
        "map_at_5": 0.73567,
        "map_at_10": 0.74253,
        "map_at_20": 0.74467,
        "map_at_100": 0.74699,
        "map_at_1000": 0.74711,
        "recall_at_1": 0.692,
        "recall_at_3": 0.782,
        "recall_at_5": 0.808,
        "recall_at_10": 0.86,
        "recall_at_20": 0.892,
        "recall_at_100": 0.976,
        "recall_at_1000": 1.0,
        "precision_at_1": 0.692,
        "precision_at_3": 0.26067,
        "precision_at_5": 0.1616,
        "precision_at_10": 0.086,
        "precision_at_20": 0.0446,
        "precision_at_100": 0.00976,
        "precision_at_1000": 0.001,
        "mrr_at_1": 0.684,
        "mrr_at_3": 0.7266666666666667,
        "mrr_at_5": 0.7334666666666666,
        "mrr_at_10": 0.7386444444444445,
        "mrr_at_20": 0.7419195597659993,
        "mrr_at_100": 0.743917515570049,
        "mrr_at_1000": 0.7440733601628289,
        "naucs_at_1_max": 0.12305081863845974,
        "naucs_at_1_std": 0.21671070995897973,
        "naucs_at_1_diff1": 0.8874593514654725,
        "naucs_at_3_max": 0.10654156723005019,
        "naucs_at_3_std": 0.33538667027829794,
        "naucs_at_3_diff1": 0.8309616435413293,
        "naucs_at_5_max": 0.1152828505021993,
        "naucs_at_5_std": 0.32276189092720037,
        "naucs_at_5_diff1": 0.814969494479953,
        "naucs_at_10_max": 0.08573506997367261,
        "naucs_at_10_std": 0.39273936538727994,
        "naucs_at_10_diff1": 0.7911528335873638,
        "naucs_at_20_max": 0.05990501798372695,
        "naucs_at_20_std": 0.4086059992317631,
        "naucs_at_20_diff1": 0.7712749240493059,
        "naucs_at_100_max": -0.2242452536570212,
        "naucs_at_100_std": 0.7028478057889749,
        "naucs_at_100_diff1": 0.6889589169000918,
        "naucs_at_1000_max": 1.0,
        "naucs_at_1000_std": 1.0,
        "naucs_at_1000_diff1": 1.0
    }
}