{
    "vidore/arxivqa_test_subsampled": {
        "ndcg_at_1": 0.668,
        "ndcg_at_3": 0.72659,
        "ndcg_at_5": 0.73753,
        "ndcg_at_10": 0.75491,
        "ndcg_at_20": 0.76671,
        "ndcg_at_100": 0.7801,
        "ndcg_at_1000": 0.78408,
        "map_at_1": 0.668,
        "map_at_3": 0.71167,
        "map_at_5": 0.71787,
        "map_at_10": 0.725,
        "map_at_20": 0.72806,
        "map_at_100": 0.72994,
        "map_at_1000": 0.73012,
        "recall_at_1": 0.668,
        "recall_at_3": 0.77,
        "recall_at_5": 0.796,
        "recall_at_10": 0.85,
        "recall_at_20": 0.898,
        "recall_at_100": 0.97,
        "recall_at_1000": 1.0,
        "precision_at_1": 0.668,
        "precision_at_3": 0.25667,
        "precision_at_5": 0.1592,
        "precision_at_10": 0.085,
        "precision_at_20": 0.0449,
        "precision_at_100": 0.0097,
        "precision_at_1000": 0.001,
        "mrr_at_1": 0.668,
        "mrr_at_3": 0.7149999999999999,
        "mrr_at_5": 0.7205999999999998,
        "mrr_at_10": 0.7261650793650792,
        "mrr_at_20": 0.7302035328964117,
        "mrr_at_100": 0.7317511777332438,
        "mrr_at_1000": 0.7319251173201042,
        "naucs_at_1_max": 0.06471933149435836,
        "naucs_at_1_std": 0.14308259875498183,
        "naucs_at_1_diff1": 0.9034268332984877,
        "naucs_at_3_max": 0.02999932857366756,
        "naucs_at_3_std": 0.21724222824019102,
        "naucs_at_3_diff1": 0.8504778317405609,
        "naucs_at_5_max": 0.06875756293840406,
        "naucs_at_5_std": 0.21367576022902698,
        "naucs_at_5_diff1": 0.8166251832321662,
        "naucs_at_10_max": 0.0464627399934909,
        "naucs_at_10_std": 0.2732183534005855,
        "naucs_at_10_diff1": 0.8194598112593563,
        "naucs_at_20_max": -0.0923900075255618,
        "naucs_at_20_std": 0.33021603861896576,
        "naucs_at_20_diff1": 0.7669829848938167,
        "naucs_at_100_max": 0.05309679427327218,
        "naucs_at_100_std": 0.5898848428260205,
        "naucs_at_100_diff1": 0.7318705259881775,
        "naucs_at_1000_max": 1.0,
        "naucs_at_1000_std": 1.0,
        "naucs_at_1000_diff1": 1.0
    }
}