{
    "vidore/arxivqa_test_subsampled": {
        "ndcg_at_1": 0.69,
        "ndcg_at_3": 0.74459,
        "ndcg_at_5": 0.75535,
        "ndcg_at_10": 0.7737,
        "ndcg_at_20": 0.7817,
        "ndcg_at_100": 0.79614,
        "ndcg_at_1000": 0.79932,
        "map_at_1": 0.69,
        "map_at_3": 0.731,
        "map_at_5": 0.737,
        "map_at_10": 0.74471,
        "map_at_20": 0.74686,
        "map_at_100": 0.74886,
        "map_at_1000": 0.749,
        "recall_at_1": 0.69,
        "recall_at_3": 0.784,
        "recall_at_5": 0.81,
        "recall_at_10": 0.866,
        "recall_at_20": 0.898,
        "recall_at_100": 0.976,
        "recall_at_1000": 1.0,
        "precision_at_1": 0.69,
        "precision_at_3": 0.26133,
        "precision_at_5": 0.162,
        "precision_at_10": 0.0866,
        "precision_at_20": 0.0449,
        "precision_at_100": 0.00976,
        "precision_at_1000": 0.001,
        "mrr_at_1": 0.692,
        "mrr_at_3": 0.7346666666666668,
        "mrr_at_5": 0.7391666666666667,
        "mrr_at_10": 0.7477452380952383,
        "mrr_at_20": 0.7494114086463933,
        "mrr_at_100": 0.7516925774000194,
        "mrr_at_1000": 0.7518288555791866,
        "naucs_at_1_max": 0.0924634460377092,
        "naucs_at_1_std": 0.23049544067587371,
        "naucs_at_1_diff1": 0.9001216995608232,
        "naucs_at_3_max": 0.0601243790456128,
        "naucs_at_3_std": 0.31031725124190923,
        "naucs_at_3_diff1": 0.8358281273520993,
        "naucs_at_5_max": 0.048011944051547094,
        "naucs_at_5_std": 0.28847503797998836,
        "naucs_at_5_diff1": 0.8217874168369214,
        "naucs_at_10_max": -0.004071954682387029,
        "naucs_at_10_std": 0.3644291335745277,
        "naucs_at_10_diff1": 0.7935194661054814,
        "naucs_at_20_max": 0.0035792294561391366,
        "naucs_at_20_std": 0.502239312787945,
        "naucs_at_20_diff1": 0.7665699968796458,
        "naucs_at_100_max": 0.004084967320262703,
        "naucs_at_100_std": 0.7151027077497629,
        "naucs_at_100_diff1": 0.8235683162153702,
        "naucs_at_1000_max": 1.0,
        "naucs_at_1000_std": 1.0,
        "naucs_at_1000_diff1": 1.0
    }
}