{
    "vidore/arxivqa_test_subsampled": {
        "ndcg_at_1": 0.69,
        "ndcg_at_3": 0.74081,
        "ndcg_at_5": 0.75243,
        "ndcg_at_10": 0.76636,
        "ndcg_at_20": 0.77765,
        "ndcg_at_100": 0.79179,
        "ndcg_at_1000": 0.79633,
        "map_at_1": 0.69,
        "map_at_3": 0.728,
        "map_at_5": 0.7345,
        "map_at_10": 0.74045,
        "map_at_20": 0.74364,
        "map_at_100": 0.74575,
        "map_at_1000": 0.74595,
        "recall_at_1": 0.69,
        "recall_at_3": 0.778,
        "recall_at_5": 0.806,
        "recall_at_10": 0.848,
        "recall_at_20": 0.892,
        "recall_at_100": 0.966,
        "recall_at_1000": 1.0,
        "precision_at_1": 0.69,
        "precision_at_3": 0.25933,
        "precision_at_5": 0.1612,
        "precision_at_10": 0.0848,
        "precision_at_20": 0.0446,
        "precision_at_100": 0.00966,
        "precision_at_1000": 0.001,
        "mrr_at_1": 0.686,
        "mrr_at_3": 0.7289999999999998,
        "mrr_at_5": 0.7322999999999998,
        "mrr_at_10": 0.7394269841269838,
        "mrr_at_20": 0.7423585941835938,
        "mrr_at_100": 0.7444946409953263,
        "mrr_at_1000": 0.7446988852808263,
        "naucs_at_1_max": 0.12477556131717746,
        "naucs_at_1_std": 0.19436654496710581,
        "naucs_at_1_diff1": 0.8904562851649999,
        "naucs_at_3_max": 0.13057909832103426,
        "naucs_at_3_std": 0.28303033372157854,
        "naucs_at_3_diff1": 0.8636893060856197,
        "naucs_at_5_max": 0.10611261265890255,
        "naucs_at_5_std": 0.2801597007409529,
        "naucs_at_5_diff1": 0.8397391760099472,
        "naucs_at_10_max": 0.1103130305056837,
        "naucs_at_10_std": 0.33923427131025136,
        "naucs_at_10_diff1": 0.827473121045321,
        "naucs_at_20_max": -0.025238328037155262,
        "naucs_at_20_std": 0.41384397807033,
        "naucs_at_20_diff1": 0.7723661696406743,
        "naucs_at_100_max": -0.11978909210743009,
        "naucs_at_100_std": 0.5991376942933969,
        "naucs_at_100_diff1": 0.7525676937441609,
        "naucs_at_1000_max": 1.0,
        "naucs_at_1000_std": 1.0,
        "naucs_at_1000_diff1": 1.0
    }
}