{
    "vidore/docvqa_test_subsampled": {
        "ndcg_at_1": 0.48115,
        "ndcg_at_3": 0.54535,
        "ndcg_at_5": 0.56805,
        "ndcg_at_10": 0.59478,
        "ndcg_at_20": 0.60667,
        "ndcg_at_100": 0.62989,
        "ndcg_at_1000": 0.64284,
        "map_at_1": 0.48115,
        "map_at_3": 0.52993,
        "map_at_5": 0.54246,
        "map_at_10": 0.55359,
        "map_at_20": 0.55662,
        "map_at_100": 0.55992,
        "map_at_1000": 0.56043,
        "recall_at_1": 0.48115,
        "recall_at_3": 0.5898,
        "recall_at_5": 0.64523,
        "recall_at_10": 0.72727,
        "recall_at_20": 0.77605,
        "recall_at_100": 0.90022,
        "recall_at_1000": 1.0,
        "precision_at_1": 0.48115,
        "precision_at_3": 0.1966,
        "precision_at_5": 0.12905,
        "precision_at_10": 0.07273,
        "precision_at_20": 0.0388,
        "precision_at_100": 0.009,
        "precision_at_1000": 0.001,
        "mrr_at_1": 0.4722838137472284,
        "mrr_at_3": 0.5269770879526978,
        "mrr_at_5": 0.5371766444937176,
        "mrr_at_10": 0.5481065005455248,
        "mrr_at_20": 0.5519216578756609,
        "mrr_at_100": 0.5548198020387615,
        "mrr_at_1000": 0.5552929161888857,
        "naucs_at_1_max": 0.04940349384512095,
        "naucs_at_1_std": 0.48947127887173847,
        "naucs_at_1_diff1": 0.8488264731070433,
        "naucs_at_3_max": -0.0363348099358878,
        "naucs_at_3_std": 0.5357607888937375,
        "naucs_at_3_diff1": 0.7799297383473626,
        "naucs_at_5_max": -0.1238299908105106,
        "naucs_at_5_std": 0.5290528919027874,
        "naucs_at_5_diff1": 0.7849633405822811,
        "naucs_at_10_max": -0.13674904816558514,
        "naucs_at_10_std": 0.5825612167777392,
        "naucs_at_10_diff1": 0.7458098321614746,
        "naucs_at_20_max": -0.209341953219093,
        "naucs_at_20_std": 0.5998093801424143,
        "naucs_at_20_diff1": 0.7347441925733542,
        "naucs_at_100_max": -0.1477084805700659,
        "naucs_at_100_std": 0.773204256251572,
        "naucs_at_100_diff1": 0.6301797432435259,
        "naucs_at_1000_max": 1.0,
        "naucs_at_1000_std": 1.0,
        "naucs_at_1000_diff1": 1.0
    }
}