{
    "vidore/docvqa_test_subsampled": {
        "ndcg_at_1": 0.48337,
        "ndcg_at_3": 0.54395,
        "ndcg_at_5": 0.57285,
        "ndcg_at_10": 0.5949,
        "ndcg_at_20": 0.60853,
        "ndcg_at_100": 0.62951,
        "ndcg_at_1000": 0.64297,
        "map_at_1": 0.48337,
        "map_at_3": 0.52956,
        "map_at_5": 0.54542,
        "map_at_10": 0.55441,
        "map_at_20": 0.55796,
        "map_at_100": 0.56072,
        "map_at_1000": 0.56124,
        "recall_at_1": 0.48337,
        "recall_at_3": 0.58537,
        "recall_at_5": 0.65632,
        "recall_at_10": 0.72506,
        "recall_at_20": 0.78049,
        "recall_at_100": 0.89579,
        "recall_at_1000": 1.0,
        "precision_at_1": 0.48337,
        "precision_at_3": 0.19512,
        "precision_at_5": 0.13126,
        "precision_at_10": 0.07251,
        "precision_at_20": 0.03902,
        "precision_at_100": 0.00896,
        "precision_at_1000": 0.001,
        "mrr_at_1": 0.4878048780487805,
        "mrr_at_3": 0.5351071692535108,
        "mrr_at_5": 0.5471914264597192,
        "mrr_at_10": 0.5569950374828423,
        "mrr_at_20": 0.5608323026354337,
        "mrr_at_100": 0.563487698892604,
        "mrr_at_1000": 0.5639894474948964,
        "naucs_at_1_max": 0.048721240746410474,
        "naucs_at_1_std": 0.5034826186518921,
        "naucs_at_1_diff1": 0.8505854232661202,
        "naucs_at_3_max": -0.05314756285069498,
        "naucs_at_3_std": 0.5220300890073531,
        "naucs_at_3_diff1": 0.7920758726559312,
        "naucs_at_5_max": -0.12409440220585406,
        "naucs_at_5_std": 0.5669823814680554,
        "naucs_at_5_diff1": 0.7787748826933759,
        "naucs_at_10_max": -0.16354995343429216,
        "naucs_at_10_std": 0.5796247790524194,
        "naucs_at_10_diff1": 0.7534796282839957,
        "naucs_at_20_max": -0.17288644245076776,
        "naucs_at_20_std": 0.613388478674494,
        "naucs_at_20_diff1": 0.7471739813955253,
        "naucs_at_100_max": -0.14385362700552307,
        "naucs_at_100_std": 0.7954231579131245,
        "naucs_at_100_diff1": 0.6594911448858215,
        "naucs_at_1000_max": 1.0,
        "naucs_at_1000_std": 1.0,
        "naucs_at_1000_diff1": 1.0
    }
}