{
    "vidore/docvqa_test_subsampled": {
        "ndcg_at_1": 0.4745,
        "ndcg_at_3": 0.54067,
        "ndcg_at_5": 0.56825,
        "ndcg_at_10": 0.58778,
        "ndcg_at_20": 0.60351,
        "ndcg_at_100": 0.62313,
        "ndcg_at_1000": 0.63872,
        "map_at_1": 0.4745,
        "map_at_3": 0.52513,
        "map_at_5": 0.54054,
        "map_at_10": 0.54868,
        "map_at_20": 0.55302,
        "map_at_100": 0.55569,
        "map_at_1000": 0.55632,
        "recall_at_1": 0.4745,
        "recall_at_3": 0.58537,
        "recall_at_5": 0.65188,
        "recall_at_10": 0.71175,
        "recall_at_20": 0.77384,
        "recall_at_100": 0.88027,
        "recall_at_1000": 1.0,
        "precision_at_1": 0.4745,
        "precision_at_3": 0.19512,
        "precision_at_5": 0.13038,
        "precision_at_10": 0.07118,
        "precision_at_20": 0.03869,
        "precision_at_100": 0.0088,
        "precision_at_1000": 0.001,
        "mrr_at_1": 0.4789356984478936,
        "mrr_at_3": 0.5303030303030304,
        "mrr_at_5": 0.5429416112342942,
        "mrr_at_10": 0.5518222292612537,
        "mrr_at_20": 0.5552933210888872,
        "mrr_at_100": 0.5580160403665141,
        "mrr_at_1000": 0.5585943275900148,
        "naucs_at_1_max": 0.016295749542819798,
        "naucs_at_1_std": 0.48764122249873554,
        "naucs_at_1_diff1": 0.8402863615372366,
        "naucs_at_3_max": -0.0879056023050388,
        "naucs_at_3_std": 0.5418889218267344,
        "naucs_at_3_diff1": 0.771169147486735,
        "naucs_at_5_max": -0.16406273993983722,
        "naucs_at_5_std": 0.5650674450325015,
        "naucs_at_5_diff1": 0.7572828686701332,
        "naucs_at_10_max": -0.15729707305645957,
        "naucs_at_10_std": 0.5665861806056328,
        "naucs_at_10_diff1": 0.7324330529378406,
        "naucs_at_20_max": -0.18674452956094917,
        "naucs_at_20_std": 0.5836027157818288,
        "naucs_at_20_diff1": 0.6970221696657721,
        "naucs_at_100_max": -0.1130357043952159,
        "naucs_at_100_std": 0.7985255825212451,
        "naucs_at_100_diff1": 0.6259048931756547,
        "naucs_at_1000_max": 1.0,
        "naucs_at_1000_std": 1.0,
        "naucs_at_1000_diff1": 1.0
    }
}