{
    "vidore/docvqa_test_subsampled": {
        "ndcg_at_1": 0.4878,
        "ndcg_at_3": 0.5464,
        "ndcg_at_5": 0.57141,
        "ndcg_at_10": 0.58996,
        "ndcg_at_20": 0.60527,
        "ndcg_at_100": 0.62857,
        "ndcg_at_1000": 0.64252,
        "map_at_1": 0.4878,
        "map_at_3": 0.53215,
        "map_at_5": 0.54623,
        "map_at_10": 0.55383,
        "map_at_20": 0.55812,
        "map_at_100": 0.56131,
        "map_at_1000": 0.56185,
        "recall_at_1": 0.4878,
        "recall_at_3": 0.58758,
        "recall_at_5": 0.64745,
        "recall_at_10": 0.7051,
        "recall_at_20": 0.76497,
        "recall_at_100": 0.89135,
        "recall_at_1000": 1.0,
        "precision_at_1": 0.4878,
        "precision_at_3": 0.19586,
        "precision_at_5": 0.12949,
        "precision_at_10": 0.07051,
        "precision_at_20": 0.03825,
        "precision_at_100": 0.00891,
        "precision_at_1000": 0.001,
        "mrr_at_1": 0.4789356984478936,
        "mrr_at_3": 0.5317812269031783,
        "mrr_at_5": 0.5429785661492978,
        "mrr_at_10": 0.5503818674550383,
        "mrr_at_20": 0.5547735098618757,
        "mrr_at_100": 0.5577285662867094,
        "mrr_at_1000": 0.5582913846919699,
        "naucs_at_1_max": 0.019555314902083846,
        "naucs_at_1_std": 0.49201597248837864,
        "naucs_at_1_diff1": 0.823362121139922,
        "naucs_at_3_max": -0.08883334711279192,
        "naucs_at_3_std": 0.5481737622008692,
        "naucs_at_3_diff1": 0.7872417408951105,
        "naucs_at_5_max": -0.15140594181373354,
        "naucs_at_5_std": 0.5745964507091702,
        "naucs_at_5_diff1": 0.7680183152499419,
        "naucs_at_10_max": -0.1388470619951664,
        "naucs_at_10_std": 0.5527953381027828,
        "naucs_at_10_diff1": 0.728932576790718,
        "naucs_at_20_max": -0.20378052911764064,
        "naucs_at_20_std": 0.6138000954330253,
        "naucs_at_20_diff1": 0.6878510151267934,
        "naucs_at_100_max": -0.09043685023875156,
        "naucs_at_100_std": 0.7793487119992971,
        "naucs_at_100_diff1": 0.5788789393907131,
        "naucs_at_1000_max": 1.0,
        "naucs_at_1000_std": 1.0,
        "naucs_at_1000_diff1": 1.0
    }
}