{
    "vidore/docvqa_test_subsampled": {
        "ndcg_at_1": 0.49446,
        "ndcg_at_3": 0.55498,
        "ndcg_at_5": 0.57426,
        "ndcg_at_10": 0.59809,
        "ndcg_at_20": 0.61084,
        "ndcg_at_100": 0.6375,
        "ndcg_at_1000": 0.64855,
        "map_at_1": 0.49446,
        "map_at_3": 0.53991,
        "map_at_5": 0.55067,
        "map_at_10": 0.5606,
        "map_at_20": 0.56404,
        "map_at_100": 0.56771,
        "map_at_1000": 0.56812,
        "recall_at_1": 0.49446,
        "recall_at_3": 0.59867,
        "recall_at_5": 0.64523,
        "recall_at_10": 0.7184,
        "recall_at_20": 0.7694,
        "recall_at_100": 0.91353,
        "recall_at_1000": 1.0,
        "precision_at_1": 0.49446,
        "precision_at_3": 0.19956,
        "precision_at_5": 0.12905,
        "precision_at_10": 0.07184,
        "precision_at_20": 0.03847,
        "precision_at_100": 0.00914,
        "precision_at_1000": 0.001,
        "mrr_at_1": 0.4811529933481153,
        "mrr_at_3": 0.5332594235033261,
        "mrr_at_5": 0.5439024390243903,
        "mrr_at_10": 0.5527786576567065,
        "mrr_at_20": 0.557006514179429,
        "mrr_at_100": 0.5601135525596109,
        "mrr_at_1000": 0.5605831379659508,
        "naucs_at_1_max": 0.04359367840685606,
        "naucs_at_1_std": 0.461511886681718,
        "naucs_at_1_diff1": 0.8326065103499504,
        "naucs_at_3_max": -0.05686644580826818,
        "naucs_at_3_std": 0.5186391908021671,
        "naucs_at_3_diff1": 0.7793237831207538,
        "naucs_at_5_max": -0.14975744435138305,
        "naucs_at_5_std": 0.5218786371296507,
        "naucs_at_5_diff1": 0.756109357138653,
        "naucs_at_10_max": -0.1338795672065803,
        "naucs_at_10_std": 0.558221317466044,
        "naucs_at_10_diff1": 0.6984930416748374,
        "naucs_at_20_max": -0.16556549151827452,
        "naucs_at_20_std": 0.6360196958655069,
        "naucs_at_20_diff1": 0.6919462994229689,
        "naucs_at_100_max": -0.10261687835619722,
        "naucs_at_100_std": 0.764572991521817,
        "naucs_at_100_diff1": 0.5803842072625434,
        "naucs_at_1000_max": 1.0,
        "naucs_at_1000_std": 1.0,
        "naucs_at_1000_diff1": 1.0
    }
}