{
    "vidore/docvqa_test_subsampled": {
        "ndcg_at_1": 0.48337,
        "ndcg_at_3": 0.56121,
        "ndcg_at_5": 0.57772,
        "ndcg_at_10": 0.60142,
        "ndcg_at_20": 0.61624,
        "ndcg_at_100": 0.63858,
        "ndcg_at_1000": 0.65038,
        "map_at_1": 0.48337,
        "map_at_3": 0.54213,
        "map_at_5": 0.55133,
        "map_at_10": 0.56116,
        "map_at_20": 0.56505,
        "map_at_100": 0.56822,
        "map_at_1000": 0.56869,
        "recall_at_1": 0.48337,
        "recall_at_3": 0.61641,
        "recall_at_5": 0.65632,
        "recall_at_10": 0.72949,
        "recall_at_20": 0.78936,
        "recall_at_100": 0.90909,
        "recall_at_1000": 1.0,
        "precision_at_1": 0.48337,
        "precision_at_3": 0.20547,
        "precision_at_5": 0.13126,
        "precision_at_10": 0.07295,
        "precision_at_20": 0.03947,
        "precision_at_100": 0.00909,
        "precision_at_1000": 0.001,
        "mrr_at_1": 0.4634146341463415,
        "mrr_at_3": 0.5373244641537326,
        "mrr_at_5": 0.5467479674796749,
        "mrr_at_10": 0.5535740682082146,
        "mrr_at_20": 0.5584736200360751,
        "mrr_at_100": 0.5613929920626132,
        "mrr_at_1000": 0.5618737009664958,
        "naucs_at_1_max": 0.06615624093741299,
        "naucs_at_1_std": 0.462172248811501,
        "naucs_at_1_diff1": 0.8564285620621327,
        "naucs_at_3_max": -0.08145179581990762,
        "naucs_at_3_std": 0.4776689828659114,
        "naucs_at_3_diff1": 0.7711643652273216,
        "naucs_at_5_max": -0.13329076730662787,
        "naucs_at_5_std": 0.49733789170545467,
        "naucs_at_5_diff1": 0.7576788407448393,
        "naucs_at_10_max": -0.1391610710223928,
        "naucs_at_10_std": 0.5356451537865543,
        "naucs_at_10_diff1": 0.6993568680905985,
        "naucs_at_20_max": -0.17420880952632092,
        "naucs_at_20_std": 0.5915387799016609,
        "naucs_at_20_diff1": 0.6725400942512821,
        "naucs_at_100_max": -0.014134504122853187,
        "naucs_at_100_std": 0.73554395951936,
        "naucs_at_100_diff1": 0.5994654527326695,
        "naucs_at_1000_max": 1.0,
        "naucs_at_1000_std": 1.0,
        "naucs_at_1000_diff1": 1.0
    }
}