{
    "vidore/docvqa_test_subsampled": {
        "ndcg_at_1": 0.4878,
        "ndcg_at_3": 0.54838,
        "ndcg_at_5": 0.57777,
        "ndcg_at_10": 0.59725,
        "ndcg_at_20": 0.6105,
        "ndcg_at_100": 0.63005,
        "ndcg_at_1000": 0.64534,
        "map_at_1": 0.4878,
        "map_at_3": 0.534,
        "map_at_5": 0.55041,
        "map_at_10": 0.55808,
        "map_at_20": 0.56161,
        "map_at_100": 0.56426,
        "map_at_1000": 0.56487,
        "recall_at_1": 0.4878,
        "recall_at_3": 0.5898,
        "recall_at_5": 0.66075,
        "recall_at_10": 0.72284,
        "recall_at_20": 0.77605,
        "recall_at_100": 0.88248,
        "recall_at_1000": 1.0,
        "precision_at_1": 0.4878,
        "precision_at_3": 0.1966,
        "precision_at_5": 0.13215,
        "precision_at_10": 0.07228,
        "precision_at_20": 0.0388,
        "precision_at_100": 0.00882,
        "precision_at_1000": 0.001,
        "mrr_at_1": 0.49223946784922396,
        "mrr_at_3": 0.5373244641537325,
        "mrr_at_5": 0.5498521803399852,
        "mrr_at_10": 0.5585181079083518,
        "mrr_at_20": 0.5627515418965275,
        "mrr_at_100": 0.5653946478597625,
        "mrr_at_1000": 0.5659864865577315,
        "naucs_at_1_max": 0.053512594612824343,
        "naucs_at_1_std": 0.5016650296234791,
        "naucs_at_1_diff1": 0.828000919259575,
        "naucs_at_3_max": -0.05565581077969167,
        "naucs_at_3_std": 0.5238400309536684,
        "naucs_at_3_diff1": 0.7680477452653021,
        "naucs_at_5_max": -0.16335114231668768,
        "naucs_at_5_std": 0.5338489223019699,
        "naucs_at_5_diff1": 0.7518678133062495,
        "naucs_at_10_max": -0.16159986214106054,
        "naucs_at_10_std": 0.5740455206487998,
        "naucs_at_10_diff1": 0.7337832834955217,
        "naucs_at_20_max": -0.15977453389129842,
        "naucs_at_20_std": 0.6204445931851907,
        "naucs_at_20_diff1": 0.7284504014218116,
        "naucs_at_100_max": -0.13846377004914617,
        "naucs_at_100_std": 0.7993100845561065,
        "naucs_at_100_diff1": 0.6853249753659728,
        "naucs_at_1000_max": 1.0,
        "naucs_at_1000_std": 1.0,
        "naucs_at_1000_diff1": 1.0
    }
}