{
    "vidore/docvqa_test_subsampled": {
        "ndcg_at_1": 0.47228,
        "ndcg_at_3": 0.53764,
        "ndcg_at_5": 0.55787,
        "ndcg_at_10": 0.58243,
        "ndcg_at_20": 0.6041,
        "ndcg_at_100": 0.6238,
        "ndcg_at_1000": 0.63625,
        "map_at_1": 0.47228,
        "map_at_3": 0.52254,
        "map_at_5": 0.53385,
        "map_at_10": 0.5441,
        "map_at_20": 0.54995,
        "map_at_100": 0.55236,
        "map_at_1000": 0.55283,
        "recall_at_1": 0.47228,
        "recall_at_3": 0.58093,
        "recall_at_5": 0.62971,
        "recall_at_10": 0.7051,
        "recall_at_20": 0.79157,
        "recall_at_100": 0.90244,
        "recall_at_1000": 1.0,
        "precision_at_1": 0.47228,
        "precision_at_3": 0.19364,
        "precision_at_5": 0.12594,
        "precision_at_10": 0.07051,
        "precision_at_20": 0.03958,
        "precision_at_100": 0.00902,
        "precision_at_1000": 0.001,
        "mrr_at_1": 0.4611973392461197,
        "mrr_at_3": 0.5192165558019216,
        "mrr_at_5": 0.5321877309682187,
        "mrr_at_10": 0.5410929856051807,
        "mrr_at_20": 0.5464357041075102,
        "mrr_at_100": 0.5490929206478016,
        "mrr_at_1000": 0.5495373585027046,
        "naucs_at_1_max": -0.016074047768061636,
        "naucs_at_1_std": 0.4076588610542036,
        "naucs_at_1_diff1": 0.8328188586482208,
        "naucs_at_3_max": -0.09617568140317097,
        "naucs_at_3_std": 0.42342213238860693,
        "naucs_at_3_diff1": 0.7479742193475228,
        "naucs_at_5_max": -0.10146158629799118,
        "naucs_at_5_std": 0.47287794932343846,
        "naucs_at_5_diff1": 0.7447045993822103,
        "naucs_at_10_max": -0.12951199241692704,
        "naucs_at_10_std": 0.4880888187088076,
        "naucs_at_10_diff1": 0.7044939589739471,
        "naucs_at_20_max": -0.17384683914470442,
        "naucs_at_20_std": 0.6069611546940397,
        "naucs_at_20_diff1": 0.6834172278359669,
        "naucs_at_100_max": -0.2892779916062576,
        "naucs_at_100_std": 0.8106282524901657,
        "naucs_at_100_diff1": 0.6558835167974592,
        "naucs_at_1000_max": 1.0,
        "naucs_at_1000_std": 1.0,
        "naucs_at_1000_diff1": 1.0
    }
}