{
    "vidore/docvqa_test_subsampled": {
        "ndcg_at_1": 0.42572,
        "ndcg_at_3": 0.49773,
        "ndcg_at_5": 0.52396,
        "ndcg_at_10": 0.54889,
        "ndcg_at_20": 0.56168,
        "ndcg_at_100": 0.58065,
        "ndcg_at_1000": 0.6002,
        "map_at_1": 0.42572,
        "map_at_3": 0.48041,
        "map_at_5": 0.49483,
        "map_at_10": 0.50544,
        "map_at_20": 0.5089,
        "map_at_100": 0.5111,
        "map_at_1000": 0.51182,
        "recall_at_1": 0.42572,
        "recall_at_3": 0.54767,
        "recall_at_5": 0.61197,
        "recall_at_10": 0.68736,
        "recall_at_20": 0.73836,
        "recall_at_100": 0.84701,
        "recall_at_1000": 1.0,
        "precision_at_1": 0.42572,
        "precision_at_3": 0.18256,
        "precision_at_5": 0.12239,
        "precision_at_10": 0.06874,
        "precision_at_20": 0.03692,
        "precision_at_100": 0.00847,
        "precision_at_1000": 0.001,
        "mrr_at_1": 0.4212860310421286,
        "mrr_at_3": 0.475979305247598,
        "mrr_at_5": 0.488950480413895,
        "mrr_at_10": 0.5011579206701157,
        "mrr_at_20": 0.5046645013225127,
        "mrr_at_100": 0.5070127839486743,
        "mrr_at_1000": 0.5077283527193246,
        "naucs_at_1_max": -0.07711017330123973,
        "naucs_at_1_std": 0.1812055145935489,
        "naucs_at_1_diff1": 0.8233874562382375,
        "naucs_at_3_max": -0.06801683853685338,
        "naucs_at_3_std": 0.26151784035236875,
        "naucs_at_3_diff1": 0.7365857636839066,
        "naucs_at_5_max": -0.05519002690865708,
        "naucs_at_5_std": 0.26911318883628715,
        "naucs_at_5_diff1": 0.7429046347234862,
        "naucs_at_10_max": -0.11476617345691707,
        "naucs_at_10_std": 0.3021410085941777,
        "naucs_at_10_diff1": 0.7178258602153792,
        "naucs_at_20_max": -0.1509818145601121,
        "naucs_at_20_std": 0.29536963909854363,
        "naucs_at_20_diff1": 0.6897994252802805,
        "naucs_at_100_max": -0.21729027653155206,
        "naucs_at_100_std": 0.4063944729797477,
        "naucs_at_100_diff1": 0.6116852806880414,
        "naucs_at_1000_max": 1.0,
        "naucs_at_1000_std": 1.0,
        "naucs_at_1000_diff1": 1.0
    }
}