{
    "vidore/docvqa_test_subsampled": {
        "ndcg_at_1": 0.46563,
        "ndcg_at_3": 0.52732,
        "ndcg_at_5": 0.5527,
        "ndcg_at_10": 0.57368,
        "ndcg_at_20": 0.59283,
        "ndcg_at_100": 0.6132,
        "ndcg_at_1000": 0.62834,
        "map_at_1": 0.46563,
        "map_at_3": 0.51256,
        "map_at_5": 0.52653,
        "map_at_10": 0.53532,
        "map_at_20": 0.54062,
        "map_at_100": 0.54335,
        "map_at_1000": 0.54394,
        "recall_at_1": 0.46563,
        "recall_at_3": 0.56984,
        "recall_at_5": 0.63193,
        "recall_at_10": 0.69623,
        "recall_at_20": 0.77162,
        "recall_at_100": 0.88248,
        "recall_at_1000": 1.0,
        "precision_at_1": 0.46563,
        "precision_at_3": 0.18995,
        "precision_at_5": 0.12639,
        "precision_at_10": 0.06962,
        "precision_at_20": 0.03858,
        "precision_at_100": 0.00882,
        "precision_at_1000": 0.001,
        "mrr_at_1": 0.4656319290465632,
        "mrr_at_3": 0.5103473762010349,
        "mrr_at_5": 0.5258684405025869,
        "mrr_at_10": 0.5336465702319361,
        "mrr_at_20": 0.5391254679574237,
        "mrr_at_100": 0.5419827319765339,
        "mrr_at_1000": 0.5425361525321162,
        "naucs_at_1_max": -0.05807043403415564,
        "naucs_at_1_std": 0.38453566096453273,
        "naucs_at_1_diff1": 0.8551960814002953,
        "naucs_at_3_max": -0.06972703130885528,
        "naucs_at_3_std": 0.4158881802743748,
        "naucs_at_3_diff1": 0.7826206488020743,
        "naucs_at_5_max": -0.08008658606544798,
        "naucs_at_5_std": 0.47902176973276506,
        "naucs_at_5_diff1": 0.757284034223372,
        "naucs_at_10_max": -0.13714870254498937,
        "naucs_at_10_std": 0.5350003301010875,
        "naucs_at_10_diff1": 0.7184600388310105,
        "naucs_at_20_max": -0.16204584683600712,
        "naucs_at_20_std": 0.6206452239142848,
        "naucs_at_20_diff1": 0.7036378801640746,
        "naucs_at_100_max": -0.30531366925919157,
        "naucs_at_100_std": 0.7631084742930083,
        "naucs_at_100_diff1": 0.656702208738166,
        "naucs_at_1000_max": 1.0,
        "naucs_at_1000_std": 1.0,
        "naucs_at_1000_diff1": 1.0
    }
}