{
    "vidore/docvqa_test_subsampled": {
        "ndcg_at_1": 0.35477,
        "ndcg_at_3": 0.42194,
        "ndcg_at_5": 0.43865,
        "ndcg_at_10": 0.45835,
        "ndcg_at_20": 0.46961,
        "ndcg_at_100": 0.49564,
        "ndcg_at_1000": 0.52657,
        "map_at_1": 0.35477,
        "map_at_3": 0.40466,
        "map_at_5": 0.41408,
        "map_at_10": 0.42241,
        "map_at_20": 0.42554,
        "map_at_100": 0.42907,
        "map_at_1000": 0.43023,
        "recall_at_1": 0.35477,
        "recall_at_3": 0.47228,
        "recall_at_5": 0.5122,
        "recall_at_10": 0.57206,
        "recall_at_20": 0.61641,
        "recall_at_100": 0.75831,
        "recall_at_1000": 1.0,
        "precision_at_1": 0.35477,
        "precision_at_3": 0.15743,
        "precision_at_5": 0.10244,
        "precision_at_10": 0.05721,
        "precision_at_20": 0.03082,
        "precision_at_100": 0.00758,
        "precision_at_1000": 0.001,
        "mrr_at_1": 0.352549889135255,
        "mrr_at_3": 0.402808573540281,
        "mrr_at_5": 0.4135624538063565,
        "mrr_at_10": 0.42082233484672515,
        "mrr_at_20": 0.4244701832147687,
        "mrr_at_100": 0.4277709532012322,
        "mrr_at_1000": 0.4288822331667952,
        "naucs_at_1_max": -0.1598576803787919,
        "naucs_at_1_std": -0.29937519998813594,
        "naucs_at_1_diff1": 0.7053400064050364,
        "naucs_at_3_max": -0.20535044477028544,
        "naucs_at_3_std": -0.3477098179447681,
        "naucs_at_3_diff1": 0.680810598309821,
        "naucs_at_5_max": -0.2023723916631475,
        "naucs_at_5_std": -0.3463994532989126,
        "naucs_at_5_diff1": 0.6425337674501181,
        "naucs_at_10_max": -0.23123824375114466,
        "naucs_at_10_std": -0.3783917425626154,
        "naucs_at_10_diff1": 0.6200406373750286,
        "naucs_at_20_max": -0.28813133904500826,
        "naucs_at_20_std": -0.4203073311287349,
        "naucs_at_20_diff1": 0.6071681022359403,
        "naucs_at_100_max": -0.3255345593356801,
        "naucs_at_100_std": -0.39604075896572016,
        "naucs_at_100_diff1": 0.5032777307145025,
        "naucs_at_1000_max": 1.0,
        "naucs_at_1000_std": 1.0,
        "naucs_at_1000_diff1": 1.0
    }
}