{
    "vidore/docvqa_test_subsampled": {
        "ndcg_at_1": 0.46563,
        "ndcg_at_3": 0.52785,
        "ndcg_at_5": 0.54989,
        "ndcg_at_10": 0.57126,
        "ndcg_at_20": 0.58766,
        "ndcg_at_100": 0.60988,
        "ndcg_at_1000": 0.62583,
        "map_at_1": 0.46563,
        "map_at_3": 0.51256,
        "map_at_5": 0.52487,
        "map_at_10": 0.53403,
        "map_at_20": 0.53862,
        "map_at_100": 0.54155,
        "map_at_1000": 0.54215,
        "recall_at_1": 0.46563,
        "recall_at_3": 0.57206,
        "recall_at_5": 0.62528,
        "recall_at_10": 0.68958,
        "recall_at_20": 0.75388,
        "recall_at_100": 0.87583,
        "recall_at_1000": 1.0,
        "precision_at_1": 0.46563,
        "precision_at_3": 0.19069,
        "precision_at_5": 0.12506,
        "precision_at_10": 0.06896,
        "precision_at_20": 0.03769,
        "precision_at_100": 0.00876,
        "precision_at_1000": 0.001,
        "mrr_at_1": 0.4611973392461197,
        "mrr_at_3": 0.5070214338507024,
        "mrr_at_5": 0.5212121212121213,
        "mrr_at_10": 0.5293782775490095,
        "mrr_at_20": 0.5339779395628799,
        "mrr_at_100": 0.5366273228719626,
        "mrr_at_1000": 0.5372691746535724,
        "naucs_at_1_max": -0.06858964393972777,
        "naucs_at_1_std": 0.38406434509008774,
        "naucs_at_1_diff1": 0.8637697045528793,
        "naucs_at_3_max": -0.09260555183532303,
        "naucs_at_3_std": 0.41523751310357593,
        "naucs_at_3_diff1": 0.8111349748391492,
        "naucs_at_5_max": -0.1366394800067896,
        "naucs_at_5_std": 0.46657333053581984,
        "naucs_at_5_diff1": 0.7726733609276327,
        "naucs_at_10_max": -0.19016673885135604,
        "naucs_at_10_std": 0.5142316595841198,
        "naucs_at_10_diff1": 0.7403538298056072,
        "naucs_at_20_max": -0.19201052437804716,
        "naucs_at_20_std": 0.5837229372510246,
        "naucs_at_20_diff1": 0.7197128638833096,
        "naucs_at_100_max": -0.30684043598923166,
        "naucs_at_100_std": 0.74689925548214,
        "naucs_at_100_diff1": 0.6684328228484022,
        "naucs_at_1000_max": 1.0,
        "naucs_at_1000_std": 1.0,
        "naucs_at_1000_diff1": 1.0
    }
}