{
    "vidore/docvqa_test_subsampled": {
        "ndcg_at_1": 0.36807,
        "ndcg_at_3": 0.4571,
        "ndcg_at_5": 0.47876,
        "ndcg_at_10": 0.49754,
        "ndcg_at_20": 0.50935,
        "ndcg_at_100": 0.52911,
        "ndcg_at_1000": 0.55646,
        "map_at_1": 0.36807,
        "map_at_3": 0.4357,
        "map_at_5": 0.44756,
        "map_at_10": 0.45539,
        "map_at_20": 0.45865,
        "map_at_100": 0.46124,
        "map_at_1000": 0.46223,
        "recall_at_1": 0.36807,
        "recall_at_3": 0.51885,
        "recall_at_5": 0.57206,
        "recall_at_10": 0.62971,
        "recall_at_20": 0.67627,
        "recall_at_100": 0.78492,
        "recall_at_1000": 1.0,
        "precision_at_1": 0.36807,
        "precision_at_3": 0.17295,
        "precision_at_5": 0.11441,
        "precision_at_10": 0.06297,
        "precision_at_20": 0.03381,
        "precision_at_100": 0.00785,
        "precision_at_1000": 0.001,
        "mrr_at_1": 0.37028824833702884,
        "mrr_at_3": 0.43828529194382876,
        "mrr_at_5": 0.44937176644493737,
        "mrr_at_10": 0.45693696547355095,
        "mrr_at_20": 0.4599197139137624,
        "mrr_at_100": 0.4627357367122899,
        "mrr_at_1000": 0.4636979147460592,
        "naucs_at_1_max": -0.16430328637586525,
        "naucs_at_1_std": -0.2621065194890448,
        "naucs_at_1_diff1": 0.74731813504385,
        "naucs_at_3_max": -0.1677482021250349,
        "naucs_at_3_std": -0.27178871047254516,
        "naucs_at_3_diff1": 0.6844388122673432,
        "naucs_at_5_max": -0.2202886296966042,
        "naucs_at_5_std": -0.3051306262222895,
        "naucs_at_5_diff1": 0.6676664961591828,
        "naucs_at_10_max": -0.2059736048187943,
        "naucs_at_10_std": -0.30851994148066786,
        "naucs_at_10_diff1": 0.6482181391591304,
        "naucs_at_20_max": -0.28692172472778166,
        "naucs_at_20_std": -0.38303948129202914,
        "naucs_at_20_diff1": 0.6354742974894907,
        "naucs_at_100_max": -0.33786180113599823,
        "naucs_at_100_std": -0.36100044252842783,
        "naucs_at_100_diff1": 0.6250895078268787,
        "naucs_at_1000_max": 1.0,
        "naucs_at_1000_std": 1.0,
        "naucs_at_1000_diff1": 1.0
    }
}