{
    "vidore/docvqa_test_subsampled": {
        "ndcg_at_1": 0.44346,
        "ndcg_at_3": 0.52154,
        "ndcg_at_5": 0.54444,
        "ndcg_at_10": 0.56528,
        "ndcg_at_20": 0.58105,
        "ndcg_at_100": 0.60092,
        "ndcg_at_1000": 0.61728,
        "map_at_1": 0.44346,
        "map_at_3": 0.50185,
        "map_at_5": 0.5146,
        "map_at_10": 0.52324,
        "map_at_20": 0.52761,
        "map_at_100": 0.53009,
        "map_at_1000": 0.53069,
        "recall_at_1": 0.44346,
        "recall_at_3": 0.57871,
        "recall_at_5": 0.63415,
        "recall_at_10": 0.69845,
        "recall_at_20": 0.76053,
        "recall_at_100": 0.8714,
        "recall_at_1000": 1.0,
        "precision_at_1": 0.44346,
        "precision_at_3": 0.1929,
        "precision_at_5": 0.12683,
        "precision_at_10": 0.06984,
        "precision_at_20": 0.03803,
        "precision_at_100": 0.00871,
        "precision_at_1000": 0.001,
        "mrr_at_1": 0.44124168514412415,
        "mrr_at_3": 0.501108647450111,
        "mrr_at_5": 0.5120842572062084,
        "mrr_at_10": 0.5207994579945796,
        "mrr_at_20": 0.5253968557998816,
        "mrr_at_100": 0.5282419682290103,
        "mrr_at_1000": 0.5288321220796061,
        "naucs_at_1_max": -0.06714106006677358,
        "naucs_at_1_std": 0.3614770208116986,
        "naucs_at_1_diff1": 0.8660038414665343,
        "naucs_at_3_max": -0.13083482183820763,
        "naucs_at_3_std": 0.37099311113909544,
        "naucs_at_3_diff1": 0.7910906915223398,
        "naucs_at_5_max": -0.13750959173835914,
        "naucs_at_5_std": 0.39614791841680735,
        "naucs_at_5_diff1": 0.7639713216136497,
        "naucs_at_10_max": -0.14732820472990435,
        "naucs_at_10_std": 0.4455626812750978,
        "naucs_at_10_diff1": 0.7240445220668915,
        "naucs_at_20_max": -0.24957965297599718,
        "naucs_at_20_std": 0.5182009665302658,
        "naucs_at_20_diff1": 0.7311456052294503,
        "naucs_at_100_max": -0.22175637396042305,
        "naucs_at_100_std": 0.6042635448080952,
        "naucs_at_100_diff1": 0.7349743734736525,
        "naucs_at_1000_max": 1.0,
        "naucs_at_1000_std": 1.0,
        "naucs_at_1000_diff1": 1.0
    }
}