{
    "vidore/docvqa_test_subsampled": {
        "ndcg_at_1": 0.46563,
        "ndcg_at_3": 0.51811,
        "ndcg_at_5": 0.54177,
        "ndcg_at_10": 0.5681,
        "ndcg_at_20": 0.58326,
        "ndcg_at_100": 0.6039,
        "ndcg_at_1000": 0.62148,
        "map_at_1": 0.46563,
        "map_at_3": 0.50554,
        "map_at_5": 0.51863,
        "map_at_10": 0.52979,
        "map_at_20": 0.53397,
        "map_at_100": 0.53669,
        "map_at_1000": 0.53739,
        "recall_at_1": 0.46563,
        "recall_at_3": 0.55432,
        "recall_at_5": 0.61197,
        "recall_at_10": 0.6918,
        "recall_at_20": 0.75166,
        "recall_at_100": 0.86475,
        "recall_at_1000": 1.0,
        "precision_at_1": 0.46563,
        "precision_at_3": 0.18477,
        "precision_at_5": 0.12239,
        "precision_at_10": 0.06918,
        "precision_at_20": 0.03758,
        "precision_at_100": 0.00865,
        "precision_at_1000": 0.001,
        "mrr_at_1": 0.4611973392461197,
        "mrr_at_3": 0.5048041389504805,
        "mrr_at_5": 0.5171101256467111,
        "mrr_at_10": 0.5278138528138528,
        "mrr_at_20": 0.5323776432978208,
        "mrr_at_100": 0.5353658944705751,
        "mrr_at_1000": 0.5359819946216904,
        "naucs_at_1_max": -0.09094909598916108,
        "naucs_at_1_std": 0.3740577037434857,
        "naucs_at_1_diff1": 0.8435499872151028,
        "naucs_at_3_max": -0.09732686004781224,
        "naucs_at_3_std": 0.4031993923373086,
        "naucs_at_3_diff1": 0.7940919808432955,
        "naucs_at_5_max": -0.1431852646117593,
        "naucs_at_5_std": 0.4017430446529957,
        "naucs_at_5_diff1": 0.7664933127810416,
        "naucs_at_10_max": -0.16982417674251446,
        "naucs_at_10_std": 0.44469041972307943,
        "naucs_at_10_diff1": 0.7238443958294096,
        "naucs_at_20_max": -0.17338256336911956,
        "naucs_at_20_std": 0.5616932000672908,
        "naucs_at_20_diff1": 0.712107086281489,
        "naucs_at_100_max": -0.26461179318265826,
        "naucs_at_100_std": 0.7371822116223223,
        "naucs_at_100_diff1": 0.6993155882619315,
        "naucs_at_1000_max": 1.0,
        "naucs_at_1000_std": 1.0,
        "naucs_at_1000_diff1": 1.0
    }
}