{
    "vidore/docvqa_test_subsampled": {
        "ndcg_at_1": 0.42794,
        "ndcg_at_3": 0.50776,
        "ndcg_at_5": 0.53314,
        "ndcg_at_10": 0.55544,
        "ndcg_at_20": 0.56914,
        "ndcg_at_100": 0.59027,
        "ndcg_at_1000": 0.60731,
        "map_at_1": 0.42794,
        "map_at_3": 0.48854,
        "map_at_5": 0.50251,
        "map_at_10": 0.51177,
        "map_at_20": 0.51566,
        "map_at_100": 0.51835,
        "map_at_1000": 0.51896,
        "recall_at_1": 0.42794,
        "recall_at_3": 0.56319,
        "recall_at_5": 0.62528,
        "recall_at_10": 0.69401,
        "recall_at_20": 0.74723,
        "recall_at_100": 0.86475,
        "recall_at_1000": 1.0,
        "precision_at_1": 0.42794,
        "precision_at_3": 0.18773,
        "precision_at_5": 0.12506,
        "precision_at_10": 0.0694,
        "precision_at_20": 0.03736,
        "precision_at_100": 0.00865,
        "precision_at_1000": 0.001,
        "mrr_at_1": 0.42572062084257206,
        "mrr_at_3": 0.4855875831485588,
        "mrr_at_5": 0.49999999999999994,
        "mrr_at_10": 0.5096399535423923,
        "mrr_at_20": 0.5133946243633694,
        "mrr_at_100": 0.5159290669670425,
        "mrr_at_1000": 0.5165778066974207,
        "naucs_at_1_max": -0.08597804150522596,
        "naucs_at_1_std": 0.29077306458572655,
        "naucs_at_1_diff1": 0.8629726088150003,
        "naucs_at_3_max": -0.17021252092013164,
        "naucs_at_3_std": 0.2793571772381035,
        "naucs_at_3_diff1": 0.7718404880121624,
        "naucs_at_5_max": -0.19340912261965218,
        "naucs_at_5_std": 0.33461081888525984,
        "naucs_at_5_diff1": 0.7248684239638099,
        "naucs_at_10_max": -0.19701582514678595,
        "naucs_at_10_std": 0.38250969566187587,
        "naucs_at_10_diff1": 0.7308155861363467,
        "naucs_at_20_max": -0.2595211497946824,
        "naucs_at_20_std": 0.42674618518794927,
        "naucs_at_20_diff1": 0.7291575525835572,
        "naucs_at_100_max": -0.2718913916976814,
        "naucs_at_100_std": 0.518249489949098,
        "naucs_at_100_diff1": 0.746350908354649,
        "naucs_at_1000_max": 1.0,
        "naucs_at_1000_std": 1.0,
        "naucs_at_1000_diff1": 1.0
    }
}