{
    "vidore/docvqa_test_subsampled": {
        "ndcg_at_1": 0.47228,
        "ndcg_at_3": 0.53957,
        "ndcg_at_5": 0.56313,
        "ndcg_at_10": 0.58378,
        "ndcg_at_20": 0.60329,
        "ndcg_at_100": 0.62382,
        "ndcg_at_1000": 0.63711,
        "map_at_1": 0.47228,
        "map_at_3": 0.52365,
        "map_at_5": 0.53662,
        "map_at_10": 0.54505,
        "map_at_20": 0.55036,
        "map_at_100": 0.553,
        "map_at_1000": 0.55354,
        "recall_at_1": 0.47228,
        "recall_at_3": 0.58537,
        "recall_at_5": 0.64302,
        "recall_at_10": 0.70732,
        "recall_at_20": 0.78492,
        "recall_at_100": 0.898,
        "recall_at_1000": 1.0,
        "precision_at_1": 0.47228,
        "precision_at_3": 0.19512,
        "precision_at_5": 0.1286,
        "precision_at_10": 0.07073,
        "precision_at_20": 0.03925,
        "precision_at_100": 0.00898,
        "precision_at_1000": 0.001,
        "mrr_at_1": 0.4678492239467849,
        "mrr_at_3": 0.5195861049519588,
        "mrr_at_5": 0.532779009608278,
        "mrr_at_10": 0.5423045788899447,
        "mrr_at_20": 0.547565485529796,
        "mrr_at_100": 0.5501133483791133,
        "mrr_at_1000": 0.5506187788533723,
        "naucs_at_1_max": 0.00816491751075538,
        "naucs_at_1_std": 0.448443780525258,
        "naucs_at_1_diff1": 0.8599280461203987,
        "naucs_at_3_max": -0.04716436388855277,
        "naucs_at_3_std": 0.4449545803446637,
        "naucs_at_3_diff1": 0.7701642989829599,
        "naucs_at_5_max": -0.07789862230724769,
        "naucs_at_5_std": 0.5252263133278577,
        "naucs_at_5_diff1": 0.7364792061938237,
        "naucs_at_10_max": -0.16354532740648622,
        "naucs_at_10_std": 0.4965775668389785,
        "naucs_at_10_diff1": 0.7108091261642794,
        "naucs_at_20_max": -0.21801500701641938,
        "naucs_at_20_std": 0.6270668996308274,
        "naucs_at_20_diff1": 0.706664058365839,
        "naucs_at_100_max": -0.37855803197104343,
        "naucs_at_100_std": 0.7367015473074797,
        "naucs_at_100_diff1": 0.6818886389133213,
        "naucs_at_1000_max": 1.0,
        "naucs_at_1000_std": 1.0,
        "naucs_at_1000_diff1": 1.0
    }
}