{
    "vidore/docvqa_test_subsampled": {
        "ndcg_at_1": 0.48559,
        "ndcg_at_3": 0.55282,
        "ndcg_at_5": 0.57447,
        "ndcg_at_10": 0.5995,
        "ndcg_at_20": 0.61611,
        "ndcg_at_100": 0.63589,
        "ndcg_at_1000": 0.6477,
        "map_at_1": 0.48559,
        "map_at_3": 0.53622,
        "map_at_5": 0.54808,
        "map_at_10": 0.55836,
        "map_at_20": 0.56282,
        "map_at_100": 0.56527,
        "map_at_1000": 0.56574,
        "recall_at_1": 0.48559,
        "recall_at_3": 0.60089,
        "recall_at_5": 0.6541,
        "recall_at_10": 0.73171,
        "recall_at_20": 0.79823,
        "recall_at_100": 0.90909,
        "recall_at_1000": 1.0,
        "precision_at_1": 0.48559,
        "precision_at_3": 0.2003,
        "precision_at_5": 0.13082,
        "precision_at_10": 0.07317,
        "precision_at_20": 0.03991,
        "precision_at_100": 0.00909,
        "precision_at_1000": 0.001,
        "mrr_at_1": 0.48337028824833705,
        "mrr_at_3": 0.5347376201034739,
        "mrr_at_5": 0.5479305247597931,
        "mrr_at_10": 0.5555485165241263,
        "mrr_at_20": 0.5602544797956784,
        "mrr_at_100": 0.5632409688179945,
        "mrr_at_1000": 0.5637088018074958,
        "naucs_at_1_max": -0.028164599769577563,
        "naucs_at_1_std": 0.4601321957625065,
        "naucs_at_1_diff1": 0.8561453722435134,
        "naucs_at_3_max": -0.10176029027188521,
        "naucs_at_3_std": 0.49425294649714424,
        "naucs_at_3_diff1": 0.7742643865384428,
        "naucs_at_5_max": -0.09603239149795169,
        "naucs_at_5_std": 0.5141871022818428,
        "naucs_at_5_diff1": 0.7658395487998478,
        "naucs_at_10_max": -0.17758244724475528,
        "naucs_at_10_std": 0.5548645847379833,
        "naucs_at_10_diff1": 0.7441674635770172,
        "naucs_at_20_max": -0.17776843624683436,
        "naucs_at_20_std": 0.6490667760354528,
        "naucs_at_20_diff1": 0.6792865401486241,
        "naucs_at_100_max": -0.22302974012932614,
        "naucs_at_100_std": 0.7754227446325926,
        "naucs_at_100_diff1": 0.704393745078417,
        "naucs_at_1000_max": 1.0,
        "naucs_at_1000_std": 1.0,
        "naucs_at_1000_diff1": 1.0
    }
}