{
    "vidore/docvqa_test_subsampled": {
        "ndcg_at_1": 0.46563,
        "ndcg_at_3": 0.52919,
        "ndcg_at_5": 0.55229,
        "ndcg_at_10": 0.57289,
        "ndcg_at_20": 0.59033,
        "ndcg_at_100": 0.61132,
        "ndcg_at_1000": 0.62641,
        "map_at_1": 0.46563,
        "map_at_3": 0.51293,
        "map_at_5": 0.52591,
        "map_at_10": 0.5343,
        "map_at_20": 0.53912,
        "map_at_100": 0.54175,
        "map_at_1000": 0.54233,
        "recall_at_1": 0.46563,
        "recall_at_3": 0.5765,
        "recall_at_5": 0.63193,
        "recall_at_10": 0.69623,
        "recall_at_20": 0.76497,
        "recall_at_100": 0.88248,
        "recall_at_1000": 1.0,
        "precision_at_1": 0.46563,
        "precision_at_3": 0.19217,
        "precision_at_5": 0.12639,
        "precision_at_10": 0.06962,
        "precision_at_20": 0.03825,
        "precision_at_100": 0.00882,
        "precision_at_1000": 0.001,
        "mrr_at_1": 0.4523281596452328,
        "mrr_at_3": 0.5036954915003696,
        "mrr_at_5": 0.5185513673318553,
        "mrr_at_10": 0.527131066765213,
        "mrr_at_20": 0.5313661593486957,
        "mrr_at_100": 0.534282418924611,
        "mrr_at_1000": 0.5349703381998184,
        "naucs_at_1_max": -0.048728730919638946,
        "naucs_at_1_std": 0.3690336472621582,
        "naucs_at_1_diff1": 0.8501322066514785,
        "naucs_at_3_max": -0.07657387584965544,
        "naucs_at_3_std": 0.4091223429387594,
        "naucs_at_3_diff1": 0.7719738179200597,
        "naucs_at_5_max": -0.10658164911298529,
        "naucs_at_5_std": 0.461255290481756,
        "naucs_at_5_diff1": 0.7449103257654832,
        "naucs_at_10_max": -0.13659556876830467,
        "naucs_at_10_std": 0.47325916641654825,
        "naucs_at_10_diff1": 0.6898596232172323,
        "naucs_at_20_max": -0.17616753188696352,
        "naucs_at_20_std": 0.6120481840867716,
        "naucs_at_20_diff1": 0.6660959277963007,
        "naucs_at_100_max": -0.2478798557879718,
        "naucs_at_100_std": 0.7432526040457765,
        "naucs_at_100_diff1": 0.6115391873313711,
        "naucs_at_1000_max": 1.0,
        "naucs_at_1000_std": 1.0,
        "naucs_at_1000_diff1": 1.0
    }
}