{
    "1": 1.1296881929993106,
    "2": 1.1100265260010929,
    "3": 1.1238692919996538,
    "4": 1.1615674950007815,
    "5": 1.1604085189992475,
    "6": 1.123461770999711,
    "7": 1.1507831290000468
}