{
    "vidore/infovqa_test_subsampled": {
        "ndcg_at_1": 0.73279,
        "ndcg_at_3": 0.79955,
        "ndcg_at_5": 0.81026,
        "ndcg_at_10": 0.82075,
        "ndcg_at_20": 0.82804,
        "ndcg_at_100": 0.83575,
        "ndcg_at_1000": 0.8391,
        "map_at_1": 0.73279,
        "map_at_3": 0.7834,
        "map_at_5": 0.78927,
        "map_at_10": 0.79361,
        "map_at_20": 0.79566,
        "map_at_100": 0.79682,
        "map_at_1000": 0.79694,
        "recall_at_1": 0.73279,
        "recall_at_3": 0.84615,
        "recall_at_5": 0.87247,
        "recall_at_10": 0.90486,
        "recall_at_20": 0.9332,
        "recall_at_100": 0.97368,
        "recall_at_1000": 1.0,
        "precision_at_1": 0.73279,
        "precision_at_3": 0.28205,
        "precision_at_5": 0.17449,
        "precision_at_10": 0.09049,
        "precision_at_20": 0.04666,
        "precision_at_100": 0.00974,
        "precision_at_1000": 0.001,
        "mrr_at_1": 0.7267206477732794,
        "mrr_at_3": 0.7803643724696355,
        "mrr_at_5": 0.7858299595141698,
        "mrr_at_10": 0.790203071782019,
        "mrr_at_20": 0.7925217558621027,
        "mrr_at_100": 0.7935297396765799,
        "mrr_at_1000": 0.7936913193845528,
        "naucs_at_1_max": 0.1347990306895418,
        "naucs_at_1_std": 0.10995188959311976,
        "naucs_at_1_diff1": 0.8533899914671874,
        "naucs_at_3_max": 0.17571893449481918,
        "naucs_at_3_std": 0.3057472843088781,
        "naucs_at_3_diff1": 0.8171380259113961,
        "naucs_at_5_max": 0.14586691693025336,
        "naucs_at_5_std": 0.35207462062468237,
        "naucs_at_5_diff1": 0.8199544772513095,
        "naucs_at_10_max": 0.1617644662516837,
        "naucs_at_10_std": 0.3578867849369613,
        "naucs_at_10_diff1": 0.8082467710424278,
        "naucs_at_20_max": 0.2541995447748998,
        "naucs_at_20_std": 0.39509769533250516,
        "naucs_at_20_diff1": 0.8468273877099075,
        "naucs_at_100_max": 0.24014500055105092,
        "naucs_at_100_std": 0.8467241344807317,
        "naucs_at_100_diff1": 0.8861878925888169,
        "naucs_at_1000_max": 1.0,
        "naucs_at_1000_std": 1.0,
        "naucs_at_1000_diff1": 1.0
    }
}