{
    "vidore/infovqa_test_subsampled": {
        "ndcg_at_1": 0.74089,
        "ndcg_at_3": 0.80839,
        "ndcg_at_5": 0.81597,
        "ndcg_at_10": 0.82937,
        "ndcg_at_20": 0.83362,
        "ndcg_at_100": 0.84177,
        "ndcg_at_1000": 0.84519,
        "map_at_1": 0.74089,
        "map_at_3": 0.79184,
        "map_at_5": 0.79609,
        "map_at_10": 0.80142,
        "map_at_20": 0.80267,
        "map_at_100": 0.80406,
        "map_at_1000": 0.8042,
        "recall_at_1": 0.74089,
        "recall_at_3": 0.85628,
        "recall_at_5": 0.87449,
        "recall_at_10": 0.917,
        "recall_at_20": 0.9332,
        "recall_at_100": 0.97368,
        "recall_at_1000": 1.0,
        "precision_at_1": 0.74089,
        "precision_at_3": 0.28543,
        "precision_at_5": 0.1749,
        "precision_at_10": 0.0917,
        "precision_at_20": 0.04666,
        "precision_at_100": 0.00974,
        "precision_at_1000": 0.001,
        "mrr_at_1": 0.7469635627530364,
        "mrr_at_3": 0.7958839406207825,
        "mrr_at_5": 0.8001349527665315,
        "mrr_at_10": 0.8045482295482291,
        "mrr_at_20": 0.8064293022542006,
        "mrr_at_100": 0.8076881448637668,
        "mrr_at_1000": 0.8078042317954414,
        "naucs_at_1_max": 0.14893312881669718,
        "naucs_at_1_std": 0.056711802930828295,
        "naucs_at_1_diff1": 0.8489128077141138,
        "naucs_at_3_max": 0.1579767984883474,
        "naucs_at_3_std": 0.26650291569759366,
        "naucs_at_3_diff1": 0.8128108379517937,
        "naucs_at_5_max": 0.12305890032191819,
        "naucs_at_5_std": 0.296351944759985,
        "naucs_at_5_diff1": 0.8190359664444802,
        "naucs_at_10_max": 0.13285132451025597,
        "naucs_at_10_std": 0.36322953344551184,
        "naucs_at_10_diff1": 0.8405799740596906,
        "naucs_at_20_max": 0.1718247613406074,
        "naucs_at_20_std": 0.37962182664367927,
        "naucs_at_20_diff1": 0.8362289297572939,
        "naucs_at_100_max": 0.1500784001026283,
        "naucs_at_100_std": 0.891244965524269,
        "naucs_at_100_diff1": 0.8887016071198972,
        "naucs_at_1000_max": 1.0,
        "naucs_at_1000_std": 1.0,
        "naucs_at_1000_diff1": 1.0
    }
}