{
    "vidore/infovqa_test_subsampled": {
        "ndcg_at_1": 0.71457,
        "ndcg_at_3": 0.78824,
        "ndcg_at_5": 0.79983,
        "ndcg_at_10": 0.8097,
        "ndcg_at_20": 0.81586,
        "ndcg_at_100": 0.82509,
        "ndcg_at_1000": 0.82908,
        "map_at_1": 0.71457,
        "map_at_3": 0.77092,
        "map_at_5": 0.77729,
        "map_at_10": 0.78139,
        "map_at_20": 0.7831,
        "map_at_100": 0.78446,
        "map_at_1000": 0.78463,
        "recall_at_1": 0.71457,
        "recall_at_3": 0.83806,
        "recall_at_5": 0.8664,
        "recall_at_10": 0.89676,
        "recall_at_20": 0.92105,
        "recall_at_100": 0.96964,
        "recall_at_1000": 1.0,
        "precision_at_1": 0.71457,
        "precision_at_3": 0.27935,
        "precision_at_5": 0.17328,
        "precision_at_10": 0.08968,
        "precision_at_20": 0.04605,
        "precision_at_100": 0.0097,
        "precision_at_1000": 0.001,
        "mrr_at_1": 0.708502024291498,
        "mrr_at_3": 0.7651821862348176,
        "mrr_at_5": 0.7721659919028336,
        "mrr_at_10": 0.7763647901805792,
        "mrr_at_20": 0.7781545760570369,
        "mrr_at_100": 0.7794938657069743,
        "mrr_at_1000": 0.7796363702496737,
        "naucs_at_1_max": 0.07425335439188009,
        "naucs_at_1_std": 0.13197593482716255,
        "naucs_at_1_diff1": 0.8637428272584873,
        "naucs_at_3_max": 0.11776769060312137,
        "naucs_at_3_std": 0.26672463571059685,
        "naucs_at_3_diff1": 0.7922624269821698,
        "naucs_at_5_max": 0.12218898949142283,
        "naucs_at_5_std": 0.3352414053195901,
        "naucs_at_5_diff1": 0.8066407232260605,
        "naucs_at_10_max": 0.1503693139989912,
        "naucs_at_10_std": 0.3610300010517869,
        "naucs_at_10_diff1": 0.8138694682930924,
        "naucs_at_20_max": 0.15665973213782944,
        "naucs_at_20_std": 0.48890302260789614,
        "naucs_at_20_diff1": 0.8072740375632822,
        "naucs_at_100_max": 0.06596394280328258,
        "naucs_at_100_std": 0.7165863272179179,
        "naucs_at_100_diff1": 0.8755295470895527,
        "naucs_at_1000_max": 1.0,
        "naucs_at_1000_std": 1.0,
        "naucs_at_1000_diff1": 1.0
    }
}