{
    "vidore/infovqa_test_subsampled": {
        "ndcg_at_1": 0.73482,
        "ndcg_at_3": 0.80109,
        "ndcg_at_5": 0.81137,
        "ndcg_at_10": 0.82412,
        "ndcg_at_20": 0.83029,
        "ndcg_at_100": 0.83811,
        "ndcg_at_1000": 0.84116,
        "map_at_1": 0.73482,
        "map_at_3": 0.78543,
        "map_at_5": 0.7913,
        "map_at_10": 0.79635,
        "map_at_20": 0.79806,
        "map_at_100": 0.79927,
        "map_at_1000": 0.79937,
        "recall_at_1": 0.73482,
        "recall_at_3": 0.84615,
        "recall_at_5": 0.87045,
        "recall_at_10": 0.91093,
        "recall_at_20": 0.93522,
        "recall_at_100": 0.97571,
        "recall_at_1000": 1.0,
        "precision_at_1": 0.73482,
        "precision_at_3": 0.28205,
        "precision_at_5": 0.17409,
        "precision_at_10": 0.09109,
        "precision_at_20": 0.04676,
        "precision_at_100": 0.00976,
        "precision_at_1000": 0.001,
        "mrr_at_1": 0.7226720647773279,
        "mrr_at_3": 0.7800269905533062,
        "mrr_at_5": 0.7851889338731443,
        "mrr_at_10": 0.7904199601568019,
        "mrr_at_20": 0.792214255043202,
        "mrr_at_100": 0.7933569381031305,
        "mrr_at_1000": 0.7934609683857742,
        "naucs_at_1_max": 0.11507276784160175,
        "naucs_at_1_std": 0.08477796817598371,
        "naucs_at_1_diff1": 0.8467771168819028,
        "naucs_at_3_max": 0.15831379769555803,
        "naucs_at_3_std": 0.2892299624723931,
        "naucs_at_3_diff1": 0.8106088256478352,
        "naucs_at_5_max": 0.14529052015949964,
        "naucs_at_5_std": 0.36549775564872394,
        "naucs_at_5_diff1": 0.806205587559357,
        "naucs_at_10_max": 0.15084846795335033,
        "naucs_at_10_std": 0.313730615054746,
        "naucs_at_10_diff1": 0.796477013578457,
        "naucs_at_20_max": 0.13406609098667063,
        "naucs_at_20_std": 0.45462964639881603,
        "naucs_at_20_diff1": 0.8162587444087,
        "naucs_at_100_max": 0.12790317226462208,
        "naucs_at_100_std": 0.9070630070070808,
        "naucs_at_100_diff1": 0.8076925321959644,
        "naucs_at_1000_max": 1.0,
        "naucs_at_1000_std": 1.0,
        "naucs_at_1000_diff1": 1.0
    }
}