{
    "vidore/infovqa_test_subsampled": {
        "ndcg_at_1": 0.73887,
        "ndcg_at_3": 0.80641,
        "ndcg_at_5": 0.81495,
        "ndcg_at_10": 0.82649,
        "ndcg_at_20": 0.83372,
        "ndcg_at_100": 0.84144,
        "ndcg_at_1000": 0.84421,
        "map_at_1": 0.73887,
        "map_at_3": 0.79049,
        "map_at_5": 0.79534,
        "map_at_10": 0.79996,
        "map_at_20": 0.80198,
        "map_at_100": 0.80314,
        "map_at_1000": 0.80323,
        "recall_at_1": 0.73887,
        "recall_at_3": 0.85223,
        "recall_at_5": 0.87247,
        "recall_at_10": 0.90891,
        "recall_at_20": 0.93725,
        "recall_at_100": 0.97773,
        "recall_at_1000": 1.0,
        "precision_at_1": 0.73887,
        "precision_at_3": 0.28408,
        "precision_at_5": 0.17449,
        "precision_at_10": 0.09089,
        "precision_at_20": 0.04686,
        "precision_at_100": 0.00978,
        "precision_at_1000": 0.001,
        "mrr_at_1": 0.7348178137651822,
        "mrr_at_3": 0.7887989203778677,
        "mrr_at_5": 0.7925438596491226,
        "mrr_at_10": 0.7975571942677202,
        "mrr_at_20": 0.7997197471893823,
        "mrr_at_100": 0.8007093774405711,
        "mrr_at_1000": 0.8008374286582479,
        "naucs_at_1_max": 0.1347162772521245,
        "naucs_at_1_std": 0.05916166602452184,
        "naucs_at_1_diff1": 0.8396621543664328,
        "naucs_at_3_max": 0.1955345671723892,
        "naucs_at_3_std": 0.34548105448047195,
        "naucs_at_3_diff1": 0.8180715544354573,
        "naucs_at_5_max": 0.12600429658963355,
        "naucs_at_5_std": 0.29691694380027356,
        "naucs_at_5_diff1": 0.801727294262783,
        "naucs_at_10_max": 0.09994814913990538,
        "naucs_at_10_std": 0.4041026823314783,
        "naucs_at_10_diff1": 0.804866335037467,
        "naucs_at_20_max": 0.20431759773917008,
        "naucs_at_20_std": 0.3534417182443745,
        "naucs_at_20_diff1": 0.8134779876092345,
        "naucs_at_100_max": 0.07530559428814533,
        "naucs_at_100_std": 0.89861418946227,
        "naucs_at_100_diff1": 0.7768342820598491,
        "naucs_at_1000_max": 1.0,
        "naucs_at_1000_std": 1.0,
        "naucs_at_1000_diff1": 1.0
    }
}