{
    "vidore/infovqa_test_subsampled": {
        "ndcg_at_1": 0.72267,
        "ndcg_at_3": 0.79427,
        "ndcg_at_5": 0.80559,
        "ndcg_at_10": 0.81394,
        "ndcg_at_20": 0.82184,
        "ndcg_at_100": 0.83009,
        "ndcg_at_1000": 0.83345,
        "map_at_1": 0.72267,
        "map_at_3": 0.77699,
        "map_at_5": 0.78306,
        "map_at_10": 0.78642,
        "map_at_20": 0.7887,
        "map_at_100": 0.78984,
        "map_at_1000": 0.78996,
        "recall_at_1": 0.72267,
        "recall_at_3": 0.84413,
        "recall_at_5": 0.87247,
        "recall_at_10": 0.89879,
        "recall_at_20": 0.92915,
        "recall_at_100": 0.97368,
        "recall_at_1000": 1.0,
        "precision_at_1": 0.72267,
        "precision_at_3": 0.28138,
        "precision_at_5": 0.17449,
        "precision_at_10": 0.08988,
        "precision_at_20": 0.04646,
        "precision_at_100": 0.00974,
        "precision_at_1000": 0.001,
        "mrr_at_1": 0.7186234817813765,
        "mrr_at_3": 0.7739541160593789,
        "mrr_at_5": 0.7807354925775976,
        "mrr_at_10": 0.783616091510828,
        "mrr_at_20": 0.7862664185791711,
        "mrr_at_100": 0.7873308173197949,
        "mrr_at_1000": 0.787476102067256,
        "naucs_at_1_max": 0.10342927131375722,
        "naucs_at_1_std": 0.1198644146403694,
        "naucs_at_1_diff1": 0.8540950076868945,
        "naucs_at_3_max": 0.11520977820201996,
        "naucs_at_3_std": 0.31086102205835736,
        "naucs_at_3_diff1": 0.8080787213974003,
        "naucs_at_5_max": 0.11447464744033035,
        "naucs_at_5_std": 0.3779429429295164,
        "naucs_at_5_diff1": 0.8280962828913002,
        "naucs_at_10_max": 0.14012483189064073,
        "naucs_at_10_std": 0.3621961531988218,
        "naucs_at_10_diff1": 0.8134914017734493,
        "naucs_at_20_max": 0.16159281020458519,
        "naucs_at_20_std": 0.48317396452810923,
        "naucs_at_20_diff1": 0.830200068755885,
        "naucs_at_100_max": 0.2175662720899724,
        "naucs_at_100_std": 0.8111674694352595,
        "naucs_at_100_diff1": 0.9070402503200098,
        "naucs_at_1000_max": 1.0,
        "naucs_at_1000_std": 1.0,
        "naucs_at_1000_diff1": 1.0
    }
}