{
    "vidore/infovqa_test_subsampled": {
        "ndcg_at_1": 0.74899,
        "ndcg_at_3": 0.80812,
        "ndcg_at_5": 0.8191,
        "ndcg_at_10": 0.82947,
        "ndcg_at_20": 0.83832,
        "ndcg_at_100": 0.84565,
        "ndcg_at_1000": 0.8482,
        "map_at_1": 0.74899,
        "map_at_3": 0.7942,
        "map_at_5": 0.80037,
        "map_at_10": 0.80459,
        "map_at_20": 0.8071,
        "map_at_100": 0.8082,
        "map_at_1000": 0.80829,
        "recall_at_1": 0.74899,
        "recall_at_3": 0.84818,
        "recall_at_5": 0.87449,
        "recall_at_10": 0.90688,
        "recall_at_20": 0.9413,
        "recall_at_100": 0.97976,
        "recall_at_1000": 1.0,
        "precision_at_1": 0.74899,
        "precision_at_3": 0.28273,
        "precision_at_5": 0.1749,
        "precision_at_10": 0.09069,
        "precision_at_20": 0.04706,
        "precision_at_100": 0.0098,
        "precision_at_1000": 0.001,
        "mrr_at_1": 0.742914979757085,
        "mrr_at_3": 0.792847503373819,
        "mrr_at_5": 0.797098515519568,
        "mrr_at_10": 0.8021608508450611,
        "mrr_at_20": 0.804140899377547,
        "mrr_at_100": 0.8052698090187119,
        "mrr_at_1000": 0.805398589069593,
        "naucs_at_1_max": 0.16328677592901014,
        "naucs_at_1_std": 0.08926214692444391,
        "naucs_at_1_diff1": 0.8456083635267971,
        "naucs_at_3_max": 0.14735692095546468,
        "naucs_at_3_std": 0.2803299342494962,
        "naucs_at_3_diff1": 0.822852342984813,
        "naucs_at_5_max": 0.13705376641439687,
        "naucs_at_5_std": 0.32659718259425435,
        "naucs_at_5_diff1": 0.8376346349457195,
        "naucs_at_10_max": 0.12848150556939258,
        "naucs_at_10_std": 0.40095239842779096,
        "naucs_at_10_diff1": 0.8496373694943723,
        "naucs_at_20_max": 0.1565871777270075,
        "naucs_at_20_std": 0.42396170919078446,
        "naucs_at_20_diff1": 0.8374591705795615,
        "naucs_at_100_max": 0.0705703873004992,
        "naucs_at_100_std": 0.9015357538149789,
        "naucs_at_100_diff1": 0.888475608408497,
        "naucs_at_1000_max": 1.0,
        "naucs_at_1000_std": 1.0,
        "naucs_at_1000_diff1": 1.0
    }
}