{
    "1": 3.3509515400000964,
    "2": 3.362674459000118,
    "3": 3.325313482000638,
    "4": 3.4415640070001245,
    "5": 3.417059942999913,
    "6": 3.2880246240001725,
    "7": 3.5541970240010414
}