{
    "vidore/tabfquad_test_subsampled": {
        "ndcg_at_1": 0.76786,
        "ndcg_at_3": 0.83707,
        "ndcg_at_5": 0.84737,
        "ndcg_at_10": 0.85822,
        "ndcg_at_20": 0.86364,
        "ndcg_at_100": 0.87089,
        "ndcg_at_1000": 0.87089,
        "map_at_1": 0.76786,
        "map_at_3": 0.82024,
        "map_at_5": 0.82595,
        "map_at_10": 0.83069,
        "map_at_20": 0.83218,
        "map_at_100": 0.83341,
        "map_at_1000": 0.83341,
        "recall_at_1": 0.76786,
        "recall_at_3": 0.88571,
        "recall_at_5": 0.91071,
        "recall_at_10": 0.94286,
        "recall_at_20": 0.96429,
        "recall_at_100": 1.0,
        "recall_at_1000": 1.0,
        "precision_at_1": 0.76786,
        "precision_at_3": 0.29524,
        "precision_at_5": 0.18214,
        "precision_at_10": 0.09429,
        "precision_at_20": 0.04821,
        "precision_at_100": 0.01,
        "precision_at_1000": 0.001,
        "mrr_at_1": 0.7642857142857142,
        "mrr_at_3": 0.8178571428571431,
        "mrr_at_5": 0.8237500000000001,
        "mrr_at_10": 0.8290858843537415,
        "mrr_at_20": 0.8306384637188209,
        "mrr_at_100": 0.831865690991409,
        "mrr_at_1000": 0.831865690991409,
        "naucs_at_1_max": 0.07744674098464653,
        "naucs_at_1_std": 0.06523584718530559,
        "naucs_at_1_diff1": 0.8017138096560475,
        "naucs_at_3_max": 0.17858626008542827,
        "naucs_at_3_std": 0.07168070716658807,
        "naucs_at_3_diff1": 0.766210844803036,
        "naucs_at_5_max": 0.16218487394957887,
        "naucs_at_5_std": -0.054024276377218426,
        "naucs_at_5_diff1": 0.7256209150326784,
        "naucs_at_10_max": 0.27045401493931115,
        "naucs_at_10_std": 0.3506360877684418,
        "naucs_at_10_diff1": 0.7944677871148457,
        "naucs_at_20_max": 0.11764705882353102,
        "naucs_at_20_std": 0.5519140989729194,
        "naucs_at_20_diff1": 0.8459383753501364,
        "naucs_at_100_max": 1.0,
        "naucs_at_100_std": 1.0,
        "naucs_at_100_diff1": 1.0,
        "naucs_at_1000_max": NaN,
        "naucs_at_1000_std": NaN,
        "naucs_at_1000_diff1": NaN
    }
}