{
    "vidore/tabfquad_test_subsampled": {
        "ndcg_at_1": 0.77143,
        "ndcg_at_3": 0.83031,
        "ndcg_at_5": 0.84045,
        "ndcg_at_10": 0.85421,
        "ndcg_at_20": 0.86241,
        "ndcg_at_100": 0.8683,
        "ndcg_at_1000": 0.8683,
        "map_at_1": 0.77143,
        "map_at_3": 0.81607,
        "map_at_5": 0.82161,
        "map_at_10": 0.82722,
        "map_at_20": 0.82951,
        "map_at_100": 0.83054,
        "map_at_1000": 0.83054,
        "recall_at_1": 0.77143,
        "recall_at_3": 0.87143,
        "recall_at_5": 0.89643,
        "recall_at_10": 0.93929,
        "recall_at_20": 0.97143,
        "recall_at_100": 1.0,
        "recall_at_1000": 1.0,
        "precision_at_1": 0.77143,
        "precision_at_3": 0.29048,
        "precision_at_5": 0.17929,
        "precision_at_10": 0.09393,
        "precision_at_20": 0.04857,
        "precision_at_100": 0.01,
        "precision_at_1000": 0.001,
        "mrr_at_1": 0.7678571428571429,
        "mrr_at_3": 0.8178571428571431,
        "mrr_at_5": 0.8210714285714288,
        "mrr_at_10": 0.8273767006802721,
        "mrr_at_20": 0.8295244155354449,
        "mrr_at_100": 0.8304159656035939,
        "mrr_at_1000": 0.8304159656035939,
        "naucs_at_1_max": 0.18248345222029488,
        "naucs_at_1_std": 0.06799048904312065,
        "naucs_at_1_diff1": 0.8088651114966909,
        "naucs_at_3_max": 0.26572016241051283,
        "naucs_at_3_std": 0.09032749225344648,
        "naucs_at_3_diff1": 0.7523640346190834,
        "naucs_at_5_max": 0.31975484330023646,
        "naucs_at_5_std": 0.07139622885604331,
        "naucs_at_5_diff1": 0.7590154920922417,
        "naucs_at_10_max": 0.33643653539847573,
        "naucs_at_10_std": 0.3673037842588026,
        "naucs_at_10_diff1": 0.7302685780194428,
        "naucs_at_20_max": 0.3485644257703185,
        "naucs_at_20_std": 0.3049136321195178,
        "naucs_at_20_diff1": 0.6922852474323071,
        "naucs_at_100_max": 1.0,
        "naucs_at_100_std": 1.0,
        "naucs_at_100_diff1": 1.0,
        "naucs_at_1000_max": NaN,
        "naucs_at_1000_std": NaN,
        "naucs_at_1000_diff1": NaN
    }
}