{
    "vidore/tabfquad_test_subsampled": {
        "ndcg_at_1": 0.76071,
        "ndcg_at_3": 0.83087,
        "ndcg_at_5": 0.84732,
        "ndcg_at_10": 0.85673,
        "ndcg_at_20": 0.86052,
        "ndcg_at_100": 0.86856,
        "ndcg_at_1000": 0.86856,
        "map_at_1": 0.76071,
        "map_at_3": 0.81429,
        "map_at_5": 0.82357,
        "map_at_10": 0.82756,
        "map_at_20": 0.82869,
        "map_at_100": 0.83008,
        "map_at_1000": 0.83008,
        "recall_at_1": 0.76071,
        "recall_at_3": 0.87857,
        "recall_at_5": 0.91786,
        "recall_at_10": 0.94643,
        "recall_at_20": 0.96071,
        "recall_at_100": 1.0,
        "recall_at_1000": 1.0,
        "precision_at_1": 0.76071,
        "precision_at_3": 0.29286,
        "precision_at_5": 0.18357,
        "precision_at_10": 0.09464,
        "precision_at_20": 0.04804,
        "precision_at_100": 0.01,
        "precision_at_1000": 0.001,
        "mrr_at_1": 0.7571428571428571,
        "mrr_at_3": 0.8136904761904764,
        "mrr_at_5": 0.8220833333333335,
        "mrr_at_10": 0.8265476190476191,
        "mrr_at_20": 0.828272778808493,
        "mrr_at_100": 0.8294755996892076,
        "mrr_at_1000": 0.8294755996892076,
        "naucs_at_1_max": 0.1057624545996637,
        "naucs_at_1_std": 0.11717739624716406,
        "naucs_at_1_diff1": 0.830905528579947,
        "naucs_at_3_max": 0.23368190251307056,
        "naucs_at_3_std": 5.622083544164586e-05,
        "naucs_at_3_diff1": 0.7691010288412876,
        "naucs_at_5_max": 0.1865586814435944,
        "naucs_at_5_std": 0.1266796573701954,
        "naucs_at_5_diff1": 0.7294685990338149,
        "naucs_at_10_max": 0.2776844070961743,
        "naucs_at_10_std": 0.4638655462184901,
        "naucs_at_10_diff1": 0.7630252100840325,
        "naucs_at_20_max": 0.24879042526101594,
        "naucs_at_20_std": 0.5342925048807408,
        "naucs_at_20_diff1": 0.7411510058568884,
        "naucs_at_100_max": 1.0,
        "naucs_at_100_std": 1.0,
        "naucs_at_100_diff1": 1.0,
        "naucs_at_1000_max": NaN,
        "naucs_at_1000_std": NaN,
        "naucs_at_1000_diff1": NaN
    }
}