{
    "vidore/tabfquad_test_subsampled": {
        "ndcg_at_1": 0.77857,
        "ndcg_at_3": 0.83971,
        "ndcg_at_5": 0.85123,
        "ndcg_at_10": 0.86272,
        "ndcg_at_20": 0.86896,
        "ndcg_at_100": 0.87467,
        "ndcg_at_1000": 0.87467,
        "map_at_1": 0.77857,
        "map_at_3": 0.825,
        "map_at_5": 0.83125,
        "map_at_10": 0.83596,
        "map_at_20": 0.83763,
        "map_at_100": 0.83856,
        "map_at_1000": 0.83856,
        "recall_at_1": 0.77857,
        "recall_at_3": 0.88214,
        "recall_at_5": 0.91071,
        "recall_at_10": 0.94643,
        "recall_at_20": 0.97143,
        "recall_at_100": 1.0,
        "recall_at_1000": 1.0,
        "precision_at_1": 0.77857,
        "precision_at_3": 0.29405,
        "precision_at_5": 0.18214,
        "precision_at_10": 0.09464,
        "precision_at_20": 0.04857,
        "precision_at_100": 0.01,
        "precision_at_1000": 0.001,
        "mrr_at_1": 0.7857142857142857,
        "mrr_at_3": 0.8273809523809526,
        "mrr_at_5": 0.8343452380952381,
        "mrr_at_10": 0.8388321995464852,
        "mrr_at_20": 0.8403980539584254,
        "mrr_at_100": 0.8411950561644369,
        "mrr_at_1000": 0.8411950561644369,
        "naucs_at_1_max": 0.15867341054747364,
        "naucs_at_1_std": 0.05452493533453003,
        "naucs_at_1_diff1": 0.7922961596125018,
        "naucs_at_3_max": 0.23097018156626073,
        "naucs_at_3_std": 0.015010247380423069,
        "naucs_at_3_diff1": 0.740986635106659,
        "naucs_at_5_max": 0.17714285714285719,
        "naucs_at_5_std": 0.10830999066293008,
        "naucs_at_5_diff1": 0.7781699346405235,
        "naucs_at_10_max": 0.26647992530345704,
        "naucs_at_10_std": 0.2801120448179249,
        "naucs_at_10_diff1": 0.7760971055088703,
        "naucs_at_20_max": 0.3485644257703185,
        "naucs_at_20_std": 0.39700046685341095,
        "naucs_at_20_diff1": 0.7625466853408028,
        "naucs_at_100_max": 1.0,
        "naucs_at_100_std": 1.0,
        "naucs_at_100_diff1": 1.0,
        "naucs_at_1000_max": NaN,
        "naucs_at_1000_std": NaN,
        "naucs_at_1000_diff1": NaN
    }
}