{
    "vidore/tabfquad_test_subsampled": {
        "ndcg_at_1": 0.77143,
        "ndcg_at_3": 0.83482,
        "ndcg_at_5": 0.84926,
        "ndcg_at_10": 0.8576,
        "ndcg_at_20": 0.86572,
        "ndcg_at_100": 0.87146,
        "ndcg_at_1000": 0.87146,
        "map_at_1": 0.77143,
        "map_at_3": 0.81964,
        "map_at_5": 0.8275,
        "map_at_10": 0.83109,
        "map_at_20": 0.83332,
        "map_at_100": 0.83428,
        "map_at_1000": 0.83428,
        "recall_at_1": 0.77143,
        "recall_at_3": 0.87857,
        "recall_at_5": 0.91429,
        "recall_at_10": 0.93929,
        "recall_at_20": 0.97143,
        "recall_at_100": 1.0,
        "recall_at_1000": 1.0,
        "precision_at_1": 0.77143,
        "precision_at_3": 0.29286,
        "precision_at_5": 0.18286,
        "precision_at_10": 0.09393,
        "precision_at_20": 0.04857,
        "precision_at_100": 0.01,
        "precision_at_1000": 0.001,
        "mrr_at_1": 0.7642857142857142,
        "mrr_at_3": 0.8154761904761905,
        "mrr_at_5": 0.8235119047619048,
        "mrr_at_10": 0.8270578231292516,
        "mrr_at_20": 0.8290327494634218,
        "mrr_at_100": 0.8302910769709727,
        "mrr_at_1000": 0.8302910769709727,
        "naucs_at_1_max": 0.12184306921149063,
        "naucs_at_1_std": 0.05309748730801386,
        "naucs_at_1_diff1": 0.805210140736456,
        "naucs_at_3_max": 0.17667397537527302,
        "naucs_at_3_std": 0.07305897565637916,
        "naucs_at_3_diff1": 0.7349749817282267,
        "naucs_at_5_max": 0.10745409274821112,
        "naucs_at_5_std": 0.07137021475256738,
        "naucs_at_5_diff1": 0.7146747587924034,
        "naucs_at_10_max": 0.3102103586532666,
        "naucs_at_10_std": 0.34942604492777685,
        "naucs_at_10_diff1": 0.7483385511067217,
        "naucs_at_20_max": 0.08082399626518325,
        "naucs_at_20_std": 0.40721288515406445,
        "naucs_at_20_diff1": 0.7986694677871176,
        "naucs_at_100_max": 1.0,
        "naucs_at_100_std": 1.0,
        "naucs_at_100_diff1": 1.0,
        "naucs_at_1000_max": NaN,
        "naucs_at_1000_std": NaN,
        "naucs_at_1000_diff1": NaN
    }
}