{
    "vidore/tabfquad_test_subsampled": {
        "ndcg_at_1": 0.76786,
        "ndcg_at_3": 0.82853,
        "ndcg_at_5": 0.84758,
        "ndcg_at_10": 0.85723,
        "ndcg_at_20": 0.86166,
        "ndcg_at_100": 0.86886,
        "ndcg_at_1000": 0.86886,
        "map_at_1": 0.76786,
        "map_at_3": 0.81369,
        "map_at_5": 0.82423,
        "map_at_10": 0.82844,
        "map_at_20": 0.82961,
        "map_at_100": 0.83081,
        "map_at_1000": 0.83081,
        "recall_at_1": 0.76786,
        "recall_at_3": 0.87143,
        "recall_at_5": 0.91786,
        "recall_at_10": 0.94643,
        "recall_at_20": 0.96429,
        "recall_at_100": 1.0,
        "recall_at_1000": 1.0,
        "precision_at_1": 0.76786,
        "precision_at_3": 0.29048,
        "precision_at_5": 0.18357,
        "precision_at_10": 0.09464,
        "precision_at_20": 0.04821,
        "precision_at_100": 0.01,
        "precision_at_1000": 0.001,
        "mrr_at_1": 0.7607142857142857,
        "mrr_at_3": 0.8166666666666669,
        "mrr_at_5": 0.8227380952380955,
        "mrr_at_10": 0.8278103741496599,
        "mrr_at_20": 0.8290275597418455,
        "mrr_at_100": 0.8302197525635027,
        "mrr_at_1000": 0.8302197525635027,
        "naucs_at_1_max": 0.06761613837426111,
        "naucs_at_1_std": 0.08967350339191416,
        "naucs_at_1_diff1": 0.8051811004879592,
        "naucs_at_3_max": 0.1700368629127036,
        "naucs_at_3_std": 0.06708782989635674,
        "naucs_at_3_diff1": 0.7608184635110582,
        "naucs_at_5_max": 0.1366256647586576,
        "naucs_at_5_std": 0.13520480656030698,
        "naucs_at_5_diff1": 0.7252060244387611,
        "naucs_at_10_max": 0.24033613445378146,
        "naucs_at_10_std": 0.4769374416433218,
        "naucs_at_10_diff1": 0.7466853408029868,
        "naucs_at_20_max": 0.13071895424836577,
        "naucs_at_20_std": 0.5204014939309034,
        "naucs_at_20_diff1": 0.6923902894491105,
        "naucs_at_100_max": 1.0,
        "naucs_at_100_std": 1.0,
        "naucs_at_100_diff1": 1.0,
        "naucs_at_1000_max": NaN,
        "naucs_at_1000_std": NaN,
        "naucs_at_1000_diff1": NaN
    }
}