{
    "vidore/tabfquad_test_subsampled": {
        "ndcg_at_1": 0.76429,
        "ndcg_at_3": 0.83669,
        "ndcg_at_5": 0.8436,
        "ndcg_at_10": 0.85646,
        "ndcg_at_20": 0.86201,
        "ndcg_at_100": 0.86941,
        "ndcg_at_1000": 0.86941,
        "map_at_1": 0.76429,
        "map_at_3": 0.81964,
        "map_at_5": 0.82321,
        "map_at_10": 0.82862,
        "map_at_20": 0.8302,
        "map_at_100": 0.83152,
        "map_at_1000": 0.83152,
        "recall_at_1": 0.76429,
        "recall_at_3": 0.88571,
        "recall_at_5": 0.90357,
        "recall_at_10": 0.94286,
        "recall_at_20": 0.96429,
        "recall_at_100": 1.0,
        "recall_at_1000": 1.0,
        "precision_at_1": 0.76429,
        "precision_at_3": 0.29524,
        "precision_at_5": 0.18071,
        "precision_at_10": 0.09429,
        "precision_at_20": 0.04821,
        "precision_at_100": 0.01,
        "precision_at_1000": 0.001,
        "mrr_at_1": 0.7714285714285715,
        "mrr_at_3": 0.8232142857142859,
        "mrr_at_5": 0.8264285714285715,
        "mrr_at_10": 0.8326318027210884,
        "mrr_at_20": 0.8345354627098048,
        "mrr_at_100": 0.8355697522930073,
        "mrr_at_1000": 0.8355697522930073,
        "naucs_at_1_max": 0.11370726278001674,
        "naucs_at_1_std": 0.051504130676741776,
        "naucs_at_1_diff1": 0.8031932404257655,
        "naucs_at_3_max": 0.22047045562410944,
        "naucs_at_3_std": -0.035506644518272935,
        "naucs_at_3_diff1": 0.7053423113431415,
        "naucs_at_5_max": 0.20591693467510552,
        "naucs_at_5_std": -0.015164090327487284,
        "naucs_at_5_diff1": 0.6907182626136867,
        "naucs_at_10_max": 0.35766806722689287,
        "naucs_at_10_std": 0.3923902894491116,
        "naucs_at_10_diff1": 0.7407796451914084,
        "naucs_at_20_max": 0.4657796451914091,
        "naucs_at_20_std": 0.41615312791783277,
        "naucs_at_20_diff1": 0.7479458450046697,
        "naucs_at_100_max": 1.0,
        "naucs_at_100_std": 1.0,
        "naucs_at_100_diff1": 1.0,
        "naucs_at_1000_max": NaN,
        "naucs_at_1000_std": NaN,
        "naucs_at_1000_diff1": NaN
    }
}