{
    "1": 1.5460048530003405,
    "2": 1.4817202730000645,
    "3": 1.4279142229997888,
    "4": 1.442682762000004,
    "5": 1.4798635100005413,
    "6": 1.44861270399997,
    "7": 1.5046622610007034
}