{
    "vidore/syntheticDocQA_energy_test": {
        "ndcg_at_1": 0.61,
        "ndcg_at_3": 0.70809,
        "ndcg_at_5": 0.71627,
        "ndcg_at_10": 0.73222,
        "ndcg_at_20": 0.74545,
        "ndcg_at_100": 0.75534,
        "ndcg_at_1000": 0.76122,
        "map_at_1": 0.61,
        "map_at_3": 0.68333,
        "map_at_5": 0.68783,
        "map_at_10": 0.69429,
        "map_at_20": 0.69823,
        "map_at_100": 0.69981,
        "map_at_1000": 0.69996,
        "recall_at_1": 0.61,
        "recall_at_3": 0.78,
        "recall_at_5": 0.8,
        "recall_at_10": 0.85,
        "recall_at_20": 0.9,
        "recall_at_100": 0.95,
        "recall_at_1000": 1.0,
        "precision_at_1": 0.61,
        "precision_at_3": 0.26,
        "precision_at_5": 0.16,
        "precision_at_10": 0.085,
        "precision_at_20": 0.045,
        "precision_at_100": 0.0095,
        "precision_at_1000": 0.001,
        "mrr_at_1": 0.65,
        "mrr_at_3": 0.7066666666666666,
        "mrr_at_5": 0.7116666666666666,
        "mrr_at_10": 0.7193730158730159,
        "mrr_at_20": 0.7238969363969363,
        "mrr_at_100": 0.7248285312571027,
        "mrr_at_1000": 0.7249843464554505,
        "naucs_at_1_max": -0.19053374223860536,
        "naucs_at_1_std": -0.5042829302192079,
        "naucs_at_1_diff1": 0.8579003822156421,
        "naucs_at_3_max": -0.2919042982334115,
        "naucs_at_3_std": -0.6495571938609905,
        "naucs_at_3_diff1": 0.8012009087958459,
        "naucs_at_5_max": -0.40659340659340626,
        "naucs_at_5_std": -0.7575424575424566,
        "naucs_at_5_diff1": 0.7701048951048949,
        "naucs_at_10_max": -0.5965831435079696,
        "naucs_at_10_std": -0.8548974943052357,
        "naucs_at_10_diff1": 0.7326716563618612,
        "naucs_at_20_max": -0.5262371615312769,
        "naucs_at_20_std": -0.9066293183940183,
        "naucs_at_20_diff1": 0.7600373482726418,
        "naucs_at_100_max": -0.9556489262371652,
        "naucs_at_100_std": -1.0732959850606945,
        "naucs_at_100_diff1": 0.7301587301587333,
        "naucs_at_1000_max": NaN,
        "naucs_at_1000_std": NaN,
        "naucs_at_1000_diff1": NaN
    }
}