{
    "vidore/syntheticDocQA_energy_test": {
        "ndcg_at_1": 0.44,
        "ndcg_at_3": 0.5244,
        "ndcg_at_5": 0.5528,
        "ndcg_at_10": 0.58195,
        "ndcg_at_20": 0.5946,
        "ndcg_at_100": 0.62128,
        "ndcg_at_1000": 0.63067,
        "map_at_1": 0.44,
        "map_at_3": 0.505,
        "map_at_5": 0.5205,
        "map_at_10": 0.53255,
        "map_at_20": 0.53601,
        "map_at_100": 0.53999,
        "map_at_1000": 0.54041,
        "recall_at_1": 0.44,
        "recall_at_3": 0.58,
        "recall_at_5": 0.65,
        "recall_at_10": 0.74,
        "recall_at_20": 0.79,
        "recall_at_100": 0.93,
        "recall_at_1000": 1.0,
        "precision_at_1": 0.44,
        "precision_at_3": 0.19333,
        "precision_at_5": 0.13,
        "precision_at_10": 0.074,
        "precision_at_20": 0.0395,
        "precision_at_100": 0.0093,
        "precision_at_1000": 0.001,
        "mrr_at_1": 0.45,
        "mrr_at_3": 0.5233333333333333,
        "mrr_at_5": 0.5323333333333334,
        "mrr_at_10": 0.544920634920635,
        "mrr_at_20": 0.5497262639321464,
        "mrr_at_100": 0.5531071681101474,
        "mrr_at_1000": 0.5534586008759782,
        "naucs_at_1_max": -0.22998120791355622,
        "naucs_at_1_std": -0.37585477893198294,
        "naucs_at_1_diff1": 0.7691705381844756,
        "naucs_at_3_max": -0.4215979336564409,
        "naucs_at_3_std": -0.5112749223670076,
        "naucs_at_3_diff1": 0.6135182981687319,
        "naucs_at_5_max": -0.5245341362193825,
        "naucs_at_5_std": -0.618520628204084,
        "naucs_at_5_diff1": 0.5102937586459434,
        "naucs_at_10_max": -0.41788654150277743,
        "naucs_at_10_std": -0.47792060338185716,
        "naucs_at_10_diff1": 0.48759174404930833,
        "naucs_at_20_max": -0.3836294996032405,
        "naucs_at_20_std": -0.4548296342607044,
        "naucs_at_20_diff1": 0.4696900473705735,
        "naucs_at_100_max": -0.515672935841001,
        "naucs_at_100_std": -0.6207149526477238,
        "naucs_at_100_diff1": 0.6462585034013618,
        "naucs_at_1000_max": NaN,
        "naucs_at_1000_std": NaN,
        "naucs_at_1000_diff1": NaN
    }
}