{
    "vidore/syntheticDocQA_energy_test": {
        "ndcg_at_1": 0.8,
        "ndcg_at_3": 0.85417,
        "ndcg_at_5": 0.87008,
        "ndcg_at_10": 0.88009,
        "ndcg_at_20": 0.88009,
        "ndcg_at_100": 0.88532,
        "ndcg_at_1000": 0.88647,
        "map_at_1": 0.8,
        "map_at_3": 0.84167,
        "map_at_5": 0.85017,
        "map_at_10": 0.8545,
        "map_at_20": 0.8545,
        "map_at_100": 0.85507,
        "map_at_1000": 0.8551,
        "recall_at_1": 0.8,
        "recall_at_3": 0.89,
        "recall_at_5": 0.93,
        "recall_at_10": 0.96,
        "recall_at_20": 0.96,
        "recall_at_100": 0.99,
        "recall_at_1000": 1.0,
        "precision_at_1": 0.8,
        "precision_at_3": 0.29667,
        "precision_at_5": 0.186,
        "precision_at_10": 0.096,
        "precision_at_20": 0.048,
        "precision_at_100": 0.0099,
        "precision_at_1000": 0.001,
        "mrr_at_1": 0.82,
        "mrr_at_3": 0.8566666666666667,
        "mrr_at_5": 0.8671666666666666,
        "mrr_at_10": 0.8682777777777778,
        "mrr_at_20": 0.8682777777777778,
        "mrr_at_100": 0.868890522875817,
        "mrr_at_1000": 0.868918455836711,
        "naucs_at_1_max": 0.17135364635364558,
        "naucs_at_1_std": -0.34273226773226795,
        "naucs_at_1_diff1": 0.9068431568431568,
        "naucs_at_3_max": -0.030753371703462696,
        "naucs_at_3_std": -0.34902499785241664,
        "naucs_at_3_diff1": 0.8913323597629045,
        "naucs_at_5_max": 0.013538748832866519,
        "naucs_at_5_std": -0.5142723756169106,
        "naucs_at_5_diff1": 0.9229691876750716,
        "naucs_at_10_max": -0.23506069094303958,
        "naucs_at_10_std": -0.20774976657329142,
        "naucs_at_10_diff1": 0.8978758169934612,
        "naucs_at_20_max": -0.23506069094303958,
        "naucs_at_20_std": -0.20774976657329142,
        "naucs_at_20_diff1": 0.8978758169934612,
        "naucs_at_100_max": -0.17133520074697067,
        "naucs_at_100_std": 0.7222222222222041,
        "naucs_at_100_diff1": 1.0,
        "naucs_at_1000_max": NaN,
        "naucs_at_1000_std": NaN,
        "naucs_at_1000_diff1": NaN
    }
}