{
    "vidore/syntheticDocQA_energy_test": {
        "ndcg_at_1": 0.78,
        "ndcg_at_3": 0.81524,
        "ndcg_at_5": 0.83159,
        "ndcg_at_10": 0.84724,
        "ndcg_at_20": 0.84974,
        "ndcg_at_100": 0.8587,
        "ndcg_at_1000": 0.85975,
        "map_at_1": 0.78,
        "map_at_3": 0.80667,
        "map_at_5": 0.81567,
        "map_at_10": 0.82183,
        "map_at_20": 0.8225,
        "map_at_100": 0.82358,
        "map_at_1000": 0.8236,
        "recall_at_1": 0.78,
        "recall_at_3": 0.84,
        "recall_at_5": 0.88,
        "recall_at_10": 0.93,
        "recall_at_20": 0.94,
        "recall_at_100": 0.99,
        "recall_at_1000": 1.0,
        "precision_at_1": 0.78,
        "precision_at_3": 0.28,
        "precision_at_5": 0.176,
        "precision_at_10": 0.093,
        "precision_at_20": 0.047,
        "precision_at_100": 0.0099,
        "precision_at_1000": 0.001,
        "mrr_at_1": 0.79,
        "mrr_at_3": 0.815,
        "mrr_at_5": 0.8245,
        "mrr_at_10": 0.8324444444444445,
        "mrr_at_20": 0.8324444444444445,
        "mrr_at_100": 0.8336535601976639,
        "mrr_at_1000": 0.833667165639841,
        "naucs_at_1_max": 0.02520053785876512,
        "naucs_at_1_std": -0.3133954652942005,
        "naucs_at_1_diff1": 0.872397644549543,
        "naucs_at_3_max": -0.1548539518900355,
        "naucs_at_3_std": -0.4848429062346594,
        "naucs_at_3_diff1": 0.8585849288168874,
        "naucs_at_5_max": -0.28026566974228295,
        "naucs_at_5_std": -0.36461979000954103,
        "naucs_at_5_diff1": 0.8180878141902642,
        "naucs_at_10_max": -0.5018674136321177,
        "naucs_at_10_std": -0.3478057889822564,
        "naucs_at_10_diff1": 0.9042950513538754,
        "naucs_at_20_max": -0.39355742296918605,
        "naucs_at_20_std": -0.31185807656396075,
        "naucs_at_20_diff1": 0.8883442265795238,
        "naucs_at_100_max": -0.17133520074697067,
        "naucs_at_100_std": 0.554154995331464,
        "naucs_at_100_diff1": 1.0,
        "naucs_at_1000_max": NaN,
        "naucs_at_1000_std": NaN,
        "naucs_at_1000_diff1": NaN
    }
}