{
    "vidore/syntheticDocQA_energy_test": {
        "ndcg_at_1": 0.83,
        "ndcg_at_3": 0.89047,
        "ndcg_at_5": 0.89865,
        "ndcg_at_10": 0.90555,
        "ndcg_at_20": 0.90555,
        "ndcg_at_100": 0.91087,
        "ndcg_at_1000": 0.91087,
        "map_at_1": 0.83,
        "map_at_3": 0.87667,
        "map_at_5": 0.88117,
        "map_at_10": 0.88426,
        "map_at_20": 0.88426,
        "map_at_100": 0.8849,
        "map_at_1000": 0.8849,
        "recall_at_1": 0.83,
        "recall_at_3": 0.93,
        "recall_at_5": 0.95,
        "recall_at_10": 0.97,
        "recall_at_20": 0.97,
        "recall_at_100": 1.0,
        "recall_at_1000": 1.0,
        "precision_at_1": 0.83,
        "precision_at_3": 0.31,
        "precision_at_5": 0.19,
        "precision_at_10": 0.097,
        "precision_at_20": 0.0485,
        "precision_at_100": 0.01,
        "precision_at_1000": 0.001,
        "mrr_at_1": 0.88,
        "mrr_at_3": 0.9016666666666667,
        "mrr_at_5": 0.9066666666666667,
        "mrr_at_10": 0.9097619047619048,
        "mrr_at_20": 0.9097619047619048,
        "mrr_at_100": 0.9105063965884861,
        "mrr_at_1000": 0.9105063965884861,
        "naucs_at_1_max": 0.10370348870958342,
        "naucs_at_1_std": -0.11035003192662647,
        "naucs_at_1_diff1": 0.9553027224705407,
        "naucs_at_3_max": 0.11317860477524178,
        "naucs_at_3_std": -0.5382819794584489,
        "naucs_at_3_diff1": 0.9019607843137243,
        "naucs_at_5_max": -0.05760971055088009,
        "naucs_at_5_std": -0.6340802987861685,
        "naucs_at_5_diff1": 0.9183006535947721,
        "naucs_at_10_max": -0.2563025210084044,
        "naucs_at_10_std": -0.5177404295051338,
        "naucs_at_10_diff1": 1.0,
        "naucs_at_20_max": -0.2563025210084044,
        "naucs_at_20_std": -0.5177404295051338,
        "naucs_at_20_diff1": 1.0,
        "naucs_at_100_max": NaN,
        "naucs_at_100_std": NaN,
        "naucs_at_100_diff1": NaN,
        "naucs_at_1000_max": NaN,
        "naucs_at_1000_std": NaN,
        "naucs_at_1000_diff1": NaN
    }
}