{
    "vidore/syntheticDocQA_energy_test": {
        "ndcg_at_1": 0.55,
        "ndcg_at_3": 0.60917,
        "ndcg_at_5": 0.62552,
        "ndcg_at_10": 0.62885,
        "ndcg_at_20": 0.65101,
        "ndcg_at_100": 0.6825,
        "ndcg_at_1000": 0.68769,
        "map_at_1": 0.55,
        "map_at_3": 0.595,
        "map_at_5": 0.604,
        "map_at_10": 0.60543,
        "map_at_20": 0.6112,
        "map_at_100": 0.61557,
        "map_at_1000": 0.61577,
        "recall_at_1": 0.55,
        "recall_at_3": 0.65,
        "recall_at_5": 0.69,
        "recall_at_10": 0.7,
        "recall_at_20": 0.79,
        "recall_at_100": 0.96,
        "recall_at_1000": 1.0,
        "precision_at_1": 0.55,
        "precision_at_3": 0.21667,
        "precision_at_5": 0.138,
        "precision_at_10": 0.07,
        "precision_at_20": 0.0395,
        "precision_at_100": 0.0096,
        "precision_at_1000": 0.001,
        "mrr_at_1": 0.55,
        "mrr_at_3": 0.6,
        "mrr_at_5": 0.6065,
        "mrr_at_10": 0.6089285714285715,
        "mrr_at_20": 0.615171040345963,
        "mrr_at_100": 0.6187845763753315,
        "mrr_at_1000": 0.6189952794912883,
        "naucs_at_1_max": -0.3572421540405815,
        "naucs_at_1_std": -0.47700624868356384,
        "naucs_at_1_diff1": 0.724018816260619,
        "naucs_at_3_max": -0.5169175685572455,
        "naucs_at_3_std": -0.6454715599316454,
        "naucs_at_3_diff1": 0.6293270404426721,
        "naucs_at_5_max": -0.5751097941690031,
        "naucs_at_5_std": -0.706033828950385,
        "naucs_at_5_diff1": 0.6083037903240025,
        "naucs_at_10_max": -0.615276526751936,
        "naucs_at_10_std": -0.7258692127544574,
        "naucs_at_10_diff1": 0.5934426229508201,
        "naucs_at_20_max": -0.612883833890397,
        "naucs_at_20_std": -0.7714429990141137,
        "naucs_at_20_diff1": 0.535215331714238,
        "naucs_at_100_max": -0.4013772175536864,
        "naucs_at_100_std": -0.5361811391223142,
        "naucs_at_100_diff1": 0.5287114845938375,
        "naucs_at_1000_max": NaN,
        "naucs_at_1000_std": NaN,
        "naucs_at_1000_diff1": NaN
    }
}