{
    "vidore/syntheticDocQA_energy_test": {
        "ndcg_at_1": 0.56,
        "ndcg_at_3": 0.66702,
        "ndcg_at_5": 0.67906,
        "ndcg_at_10": 0.69168,
        "ndcg_at_20": 0.70656,
        "ndcg_at_100": 0.71758,
        "ndcg_at_1000": 0.72644,
        "map_at_1": 0.56,
        "map_at_3": 0.64167,
        "map_at_5": 0.64817,
        "map_at_10": 0.65319,
        "map_at_20": 0.65711,
        "map_at_100": 0.65857,
        "map_at_1000": 0.65889,
        "recall_at_1": 0.56,
        "recall_at_3": 0.74,
        "recall_at_5": 0.77,
        "recall_at_10": 0.81,
        "recall_at_20": 0.87,
        "recall_at_100": 0.93,
        "recall_at_1000": 1.0,
        "precision_at_1": 0.56,
        "precision_at_3": 0.24667,
        "precision_at_5": 0.154,
        "precision_at_10": 0.081,
        "precision_at_20": 0.0435,
        "precision_at_100": 0.0093,
        "precision_at_1000": 0.001,
        "mrr_at_1": 0.58,
        "mrr_at_3": 0.6583333333333334,
        "mrr_at_5": 0.6623333333333333,
        "mrr_at_10": 0.6686111111111112,
        "mrr_at_20": 0.6721709956709958,
        "mrr_at_100": 0.6738192668621165,
        "mrr_at_1000": 0.6741484744525686,
        "naucs_at_1_max": -0.3276033386327509,
        "naucs_at_1_std": -0.5356007267771975,
        "naucs_at_1_diff1": 0.8564898932545991,
        "naucs_at_3_max": -0.5629131016584876,
        "naucs_at_3_std": -0.8265277158266073,
        "naucs_at_3_diff1": 0.7634321398159033,
        "naucs_at_5_max": -0.5173787515946353,
        "naucs_at_5_std": -0.765537924397392,
        "naucs_at_5_diff1": 0.7643741187529369,
        "naucs_at_10_max": -0.4350411231599338,
        "naucs_at_10_std": -0.7639740164492613,
        "naucs_at_10_diff1": 0.8164125936403168,
        "naucs_at_20_max": -0.6727764200548,
        "naucs_at_20_std": -1.1922165444715933,
        "naucs_at_20_diff1": 0.8648448492927487,
        "naucs_at_100_max": -0.7959850606909418,
        "naucs_at_100_std": -0.9920634920634882,
        "naucs_at_100_diff1": 0.8832866479925325,
        "naucs_at_1000_max": NaN,
        "naucs_at_1000_std": NaN,
        "naucs_at_1000_diff1": NaN
    }
}