{
    "vidore/syntheticDocQA_energy_test": {
        "ndcg_at_1": 0.61,
        "ndcg_at_3": 0.68809,
        "ndcg_at_5": 0.70014,
        "ndcg_at_10": 0.71962,
        "ndcg_at_20": 0.72761,
        "ndcg_at_100": 0.73887,
        "ndcg_at_1000": 0.74913,
        "map_at_1": 0.61,
        "map_at_3": 0.67,
        "map_at_5": 0.6765,
        "map_at_10": 0.68458,
        "map_at_20": 0.68699,
        "map_at_100": 0.68862,
        "map_at_1000": 0.68902,
        "recall_at_1": 0.61,
        "recall_at_3": 0.74,
        "recall_at_5": 0.77,
        "recall_at_10": 0.83,
        "recall_at_20": 0.86,
        "recall_at_100": 0.92,
        "recall_at_1000": 1.0,
        "precision_at_1": 0.61,
        "precision_at_3": 0.24667,
        "precision_at_5": 0.154,
        "precision_at_10": 0.083,
        "precision_at_20": 0.043,
        "precision_at_100": 0.0092,
        "precision_at_1000": 0.001,
        "mrr_at_1": 0.62,
        "mrr_at_3": 0.68,
        "mrr_at_5": 0.684,
        "mrr_at_10": 0.6925119047619048,
        "mrr_at_20": 0.6957110389610393,
        "mrr_at_100": 0.697093592195476,
        "mrr_at_1000": 0.697510836929985,
        "naucs_at_1_max": -0.38177752934600345,
        "naucs_at_1_std": -0.6307011315395886,
        "naucs_at_1_diff1": 0.8092094330216184,
        "naucs_at_3_max": -0.48201613884270583,
        "naucs_at_3_std": -0.7945947041887989,
        "naucs_at_3_diff1": 0.8230404282064803,
        "naucs_at_5_max": -0.4562789552606229,
        "naucs_at_5_std": -0.7584879478973137,
        "naucs_at_5_diff1": 0.8288310467536544,
        "naucs_at_10_max": -0.514396006269225,
        "naucs_at_10_std": -0.8148836129331835,
        "naucs_at_10_diff1": 0.8640215940094037,
        "naucs_at_20_max": -0.6639185257031985,
        "naucs_at_20_std": -1.0334626576139632,
        "naucs_at_20_diff1": 0.8720036026049599,
        "naucs_at_100_max": -0.8404528478057895,
        "naucs_at_100_std": -1.0120214752567702,
        "naucs_at_100_diff1": 0.8258053221288496,
        "naucs_at_1000_max": NaN,
        "naucs_at_1000_std": NaN,
        "naucs_at_1000_diff1": NaN
    }
}