{
    "vidore/syntheticDocQA_energy_test": {
        "ndcg_at_1": 0.72,
        "ndcg_at_3": 0.76155,
        "ndcg_at_5": 0.79082,
        "ndcg_at_10": 0.81072,
        "ndcg_at_20": 0.81335,
        "ndcg_at_100": 0.8248,
        "ndcg_at_1000": 0.82589,
        "map_at_1": 0.72,
        "map_at_3": 0.75167,
        "map_at_5": 0.76817,
        "map_at_10": 0.77666,
        "map_at_20": 0.77743,
        "map_at_100": 0.77908,
        "map_at_1000": 0.77909,
        "recall_at_1": 0.72,
        "recall_at_3": 0.79,
        "recall_at_5": 0.86,
        "recall_at_10": 0.92,
        "recall_at_20": 0.93,
        "recall_at_100": 0.99,
        "recall_at_1000": 1.0,
        "precision_at_1": 0.72,
        "precision_at_3": 0.26333,
        "precision_at_5": 0.172,
        "precision_at_10": 0.092,
        "precision_at_20": 0.0465,
        "precision_at_100": 0.0099,
        "precision_at_1000": 0.001,
        "mrr_at_1": 0.73,
        "mrr_at_3": 0.7683333333333333,
        "mrr_at_5": 0.7823333333333333,
        "mrr_at_10": 0.7891190476190476,
        "mrr_at_20": 0.7891190476190476,
        "mrr_at_100": 0.790967463722001,
        "mrr_at_1000": 0.7909853528096576,
        "naucs_at_1_max": 0.04220085470085469,
        "naucs_at_1_std": -0.2410905067155071,
        "naucs_at_1_diff1": 0.8667773199023203,
        "naucs_at_3_max": -0.20386178373049252,
        "naucs_at_3_std": -0.520042320917594,
        "naucs_at_3_diff1": 0.8587298915526478,
        "naucs_at_5_max": -0.21861576832478694,
        "naucs_at_5_std": -0.600526534571148,
        "naucs_at_5_diff1": 0.8590134404877368,
        "naucs_at_10_max": -0.4605508870214706,
        "naucs_at_10_std": -0.6076097105508819,
        "naucs_at_10_diff1": 0.8978758169934649,
        "naucs_at_20_max": -0.36181139122315353,
        "naucs_at_20_std": -0.529878618113912,
        "naucs_at_20_diff1": 0.883286647992531,
        "naucs_at_100_max": -0.17133520074697067,
        "naucs_at_100_std": 0.35807656395892007,
        "naucs_at_100_diff1": 1.0,
        "naucs_at_1000_max": NaN,
        "naucs_at_1000_std": NaN,
        "naucs_at_1000_diff1": NaN
    }
}