{
    "vidore/syntheticDocQA_energy_test": {
        "ndcg_at_1": 0.84,
        "ndcg_at_3": 0.89417,
        "ndcg_at_5": 0.91052,
        "ndcg_at_10": 0.91052,
        "ndcg_at_20": 0.91052,
        "ndcg_at_100": 0.9155,
        "ndcg_at_1000": 0.9155,
        "map_at_1": 0.84,
        "map_at_3": 0.88167,
        "map_at_5": 0.89067,
        "map_at_10": 0.89067,
        "map_at_20": 0.89067,
        "map_at_100": 0.89114,
        "map_at_1000": 0.89114,
        "recall_at_1": 0.84,
        "recall_at_3": 0.93,
        "recall_at_5": 0.97,
        "recall_at_10": 0.97,
        "recall_at_20": 0.97,
        "recall_at_100": 1.0,
        "recall_at_1000": 1.0,
        "precision_at_1": 0.84,
        "precision_at_3": 0.31,
        "precision_at_5": 0.194,
        "precision_at_10": 0.097,
        "precision_at_20": 0.0485,
        "precision_at_100": 0.01,
        "precision_at_1000": 0.001,
        "mrr_at_1": 0.86,
        "mrr_at_3": 0.8966666666666667,
        "mrr_at_5": 0.9036666666666667,
        "mrr_at_10": 0.9036666666666667,
        "mrr_at_20": 0.9036666666666667,
        "mrr_at_100": 0.9041634777490128,
        "mrr_at_1000": 0.9041634777490128,
        "naucs_at_1_max": 0.09039027982326993,
        "naucs_at_1_std": -0.05062592047128023,
        "naucs_at_1_diff1": 0.9005891016200291,
        "naucs_at_3_max": -0.09010270774976613,
        "naucs_at_3_std": -0.5492863812191536,
        "naucs_at_3_diff1": 0.904295051353875,
        "naucs_at_5_max": -0.12558356676003699,
        "naucs_at_5_std": -0.45238095238095277,
        "naucs_at_5_diff1": 0.9564270152505424,
        "naucs_at_10_max": -0.12558356676003699,
        "naucs_at_10_std": -0.45238095238095277,
        "naucs_at_10_diff1": 0.9564270152505424,
        "naucs_at_20_max": -0.12558356676003699,
        "naucs_at_20_std": -0.45238095238095277,
        "naucs_at_20_diff1": 0.9564270152505424,
        "naucs_at_100_max": NaN,
        "naucs_at_100_std": NaN,
        "naucs_at_100_diff1": NaN,
        "naucs_at_1000_max": NaN,
        "naucs_at_1000_std": NaN,
        "naucs_at_1000_diff1": NaN
    }
}