{"vidore/syntheticDocQA_energy_test": {"ndcg_at_1": 0.82, "ndcg_at_3": 0.8994, "ndcg_at_5": 0.90371, "ndcg_at_10": 0.90672, "ndcg_at_20": 0.90672, "ndcg_at_100": 0.91206, "ndcg_at_1000": 0.91206, "map_at_1": 0.82, "map_at_3": 0.88167, "map_at_5": 0.88417, "map_at_10": 0.88528, "map_at_20": 0.88528, "map_at_100": 0.88591, "map_at_1000": 0.88591, "recall_at_1": 0.82, "recall_at_3": 0.95, "recall_at_5": 0.96, "recall_at_10": 0.97, "recall_at_20": 0.97, "recall_at_100": 1.0, "recall_at_1000": 1.0, "precision_at_1": 0.82, "precision_at_3": 0.31667, "precision_at_5": 0.192, "precision_at_10": 0.097, "precision_at_20": 0.0485, "precision_at_100": 0.01, "precision_at_1000": 0.001, "mrr_at_1": 0.85, "mrr_at_3": 0.9016666666666667, "mrr_at_5": 0.9016666666666667, "mrr_at_10": 0.9029166666666667, "mrr_at_20": 0.9029166666666667, "mrr_at_100": 0.9036381946365499, "mrr_at_1000": 0.9036381946365499, "naucs_at_1_max": 0.3209053860557333, "naucs_at_1_std": -0.1117964533538933, "naucs_at_1_diff1": 0.958558211256746, "naucs_at_3_max": 0.06227824463118495, "naucs_at_3_std": -0.4576097105508852, "naucs_at_3_diff1": 0.9215686274509801, "naucs_at_5_max": -0.10270774976656832, "naucs_at_5_std": -0.28408029878617513, "naucs_at_5_diff1": 0.9346405228758139, "naucs_at_10_max": -0.2563025210084044, "naucs_at_10_std": -0.41970121381885955, "naucs_at_10_diff1": 0.9564270152505424, "naucs_at_20_max": -0.2563025210084044, "naucs_at_20_std": -0.41970121381885955, "naucs_at_20_diff1": 0.9564270152505424, "naucs_at_100_max": NaN, "naucs_at_100_std": NaN, "naucs_at_100_diff1": NaN, "naucs_at_1000_max": NaN, "naucs_at_1000_std": NaN, "naucs_at_1000_diff1": NaN}}