{
    "vidore/syntheticDocQA_energy_test": {
        "ndcg_at_1": 0.66,
        "ndcg_at_3": 0.72286,
        "ndcg_at_5": 0.74782,
        "ndcg_at_10": 0.76351,
        "ndcg_at_20": 0.76814,
        "ndcg_at_100": 0.78201,
        "ndcg_at_1000": 0.78538,
        "map_at_1": 0.66,
        "map_at_3": 0.70667,
        "map_at_5": 0.72067,
        "map_at_10": 0.72687,
        "map_at_20": 0.72793,
        "map_at_100": 0.73017,
        "map_at_1000": 0.73024,
        "recall_at_1": 0.66,
        "recall_at_3": 0.77,
        "recall_at_5": 0.83,
        "recall_at_10": 0.88,
        "recall_at_20": 0.9,
        "recall_at_100": 0.97,
        "recall_at_1000": 1.0,
        "precision_at_1": 0.66,
        "precision_at_3": 0.25667,
        "precision_at_5": 0.166,
        "precision_at_10": 0.088,
        "precision_at_20": 0.045,
        "precision_at_100": 0.0097,
        "precision_at_1000": 0.001,
        "mrr_at_1": 0.66,
        "mrr_at_3": 0.7183333333333334,
        "mrr_at_5": 0.7278333333333333,
        "mrr_at_10": 0.734595238095238,
        "mrr_at_20": 0.7367653447343849,
        "mrr_at_100": 0.7384308726846956,
        "mrr_at_1000": 0.7384996938796112,
        "naucs_at_1_max": -0.09701616382886977,
        "naucs_at_1_std": -0.3600517773573635,
        "naucs_at_1_diff1": 0.8543263964950715,
        "naucs_at_3_max": -0.35979499115955293,
        "naucs_at_3_std": -0.718538081063538,
        "naucs_at_3_diff1": 0.8451243257760565,
        "naucs_at_5_max": -0.41191153421953597,
        "naucs_at_5_std": -0.7813606547860885,
        "naucs_at_5_diff1": 0.8332559354501654,
        "naucs_at_10_max": -0.6144607063315275,
        "naucs_at_10_std": -0.6896277441934429,
        "naucs_at_10_diff1": 0.8122812599427301,
        "naucs_at_20_max": -0.588982259570492,
        "naucs_at_20_std": -0.7654528478057858,
        "naucs_at_20_diff1": 0.7535014005602249,
        "naucs_at_100_max": -0.6288515406162456,
        "naucs_at_100_std": -0.8249299719887935,
        "naucs_at_100_diff1": 0.6498599439775936,
        "naucs_at_1000_max": NaN,
        "naucs_at_1000_std": NaN,
        "naucs_at_1000_diff1": NaN
    }
}