{
    "1": 3.4883343239998794,
    "2": 3.717738436998843,
    "3": 3.4665446679991874,
    "4": 3.556821113001206,
    "5": 3.5006804740005464,
    "6": 3.647913854998478,
    "7": 3.5286072630005947
}