{
    "vidore/shiftproject_test": {
        "ndcg_at_1": 0.5,
        "ndcg_at_3": 0.64095,
        "ndcg_at_5": 0.68226,
        "ndcg_at_10": 0.70856,
        "ndcg_at_20": 0.71101,
        "ndcg_at_100": 0.72064,
        "ndcg_at_1000": 0.72353,
        "map_at_1": 0.5,
        "map_at_3": 0.60667,
        "map_at_5": 0.62967,
        "map_at_10": 0.64076,
        "map_at_20": 0.64138,
        "map_at_100": 0.64286,
        "map_at_1000": 0.64302,
        "recall_at_1": 0.5,
        "recall_at_3": 0.74,
        "recall_at_5": 0.84,
        "recall_at_10": 0.92,
        "recall_at_20": 0.93,
        "recall_at_100": 0.98,
        "recall_at_1000": 1.0,
        "precision_at_1": 0.5,
        "precision_at_3": 0.24667,
        "precision_at_5": 0.168,
        "precision_at_10": 0.092,
        "precision_at_20": 0.0465,
        "precision_at_100": 0.0098,
        "precision_at_1000": 0.001,
        "mrr_at_1": 0.54,
        "mrr_at_3": 0.64,
        "mrr_at_5": 0.6619999999999999,
        "mrr_at_10": 0.6694404761904761,
        "mrr_at_20": 0.670565476190476,
        "mrr_at_100": 0.6717331682365111,
        "mrr_at_1000": 0.671810687616356,
        "naucs_at_1_max": -0.23432378414390398,
        "naucs_at_1_std": -0.31554963357761506,
        "naucs_at_1_diff1": 0.612125249833444,
        "naucs_at_3_max": -0.24352216049632888,
        "naucs_at_3_std": -0.5104618628603856,
        "naucs_at_3_diff1": 0.36427963180730727,
        "naucs_at_5_max": -0.12576705940107952,
        "naucs_at_5_std": -0.5902982326951399,
        "naucs_at_5_diff1": 0.3374447717231217,
        "naucs_at_10_max": 0.08514239028945202,
        "naucs_at_10_std": -0.4605508870214706,
        "naucs_at_10_diff1": 0.24626517273576218,
        "naucs_at_20_max": -0.026877417633718256,
        "naucs_at_20_std": -0.4458450046685316,
        "naucs_at_20_diff1": 0.3619447779111649,
        "naucs_at_100_max": -1.1517273576097031,
        "naucs_at_100_std": -1.4458450046685247,
        "naucs_at_100_diff1": 0.795751633986937,
        "naucs_at_1000_max": NaN,
        "naucs_at_1000_std": NaN,
        "naucs_at_1000_diff1": NaN
    }
}