{
    "vidore/shiftproject_test": {
        "ndcg_at_1": 0.42,
        "ndcg_at_3": 0.53333,
        "ndcg_at_5": 0.5764,
        "ndcg_at_10": 0.60492,
        "ndcg_at_20": 0.61213,
        "ndcg_at_100": 0.63921,
        "ndcg_at_1000": 0.64186,
        "map_at_1": 0.42,
        "map_at_3": 0.50667,
        "map_at_5": 0.53167,
        "map_at_10": 0.54306,
        "map_at_20": 0.54484,
        "map_at_100": 0.54835,
        "map_at_1000": 0.54846,
        "recall_at_1": 0.42,
        "recall_at_3": 0.61,
        "recall_at_5": 0.71,
        "recall_at_10": 0.8,
        "recall_at_20": 0.83,
        "recall_at_100": 0.98,
        "recall_at_1000": 1.0,
        "precision_at_1": 0.42,
        "precision_at_3": 0.20333,
        "precision_at_5": 0.142,
        "precision_at_10": 0.08,
        "precision_at_20": 0.0415,
        "precision_at_100": 0.0098,
        "precision_at_1000": 0.001,
        "mrr_at_1": 0.42,
        "mrr_at_3": 0.5266666666666668,
        "mrr_at_5": 0.5411666666666668,
        "mrr_at_10": 0.5525238095238096,
        "mrr_at_20": 0.5554453781512607,
        "mrr_at_100": 0.5583233495315341,
        "mrr_at_1000": 0.5584347577311776,
        "naucs_at_1_max": -0.24689581875210617,
        "naucs_at_1_std": -0.32029447598309857,
        "naucs_at_1_diff1": 0.45919848614459374,
        "naucs_at_3_max": -0.24363603402172374,
        "naucs_at_3_std": -0.2961793543123893,
        "naucs_at_3_diff1": 0.42144939797259556,
        "naucs_at_5_max": -0.22224487148601743,
        "naucs_at_5_std": -0.28606637881511304,
        "naucs_at_5_diff1": 0.33836146989604016,
        "naucs_at_10_max": 0.00429570429570511,
        "naucs_at_10_std": -0.14428071928071926,
        "naucs_at_10_diff1": 0.17107892107892092,
        "naucs_at_20_max": 0.018662564578860782,
        "naucs_at_20_std": -0.12962210483543002,
        "naucs_at_20_diff1": 0.194200963603646,
        "naucs_at_100_max": -1.4458450046685247,
        "naucs_at_100_std": -0.6909430438842147,
        "naucs_at_100_diff1": 0.7117180205415448,
        "naucs_at_1000_max": NaN,
        "naucs_at_1000_std": NaN,
        "naucs_at_1000_diff1": NaN
    }
}