{
    "vidore/shiftproject_test": {
        "ndcg_at_1": 0.4,
        "ndcg_at_3": 0.50833,
        "ndcg_at_5": 0.56986,
        "ndcg_at_10": 0.59613,
        "ndcg_at_20": 0.6095,
        "ndcg_at_100": 0.6329,
        "ndcg_at_1000": 0.6343,
        "map_at_1": 0.4,
        "map_at_3": 0.48333,
        "map_at_5": 0.51733,
        "map_at_10": 0.52841,
        "map_at_20": 0.53247,
        "map_at_100": 0.53542,
        "map_at_1000": 0.53549,
        "recall_at_1": 0.4,
        "recall_at_3": 0.58,
        "recall_at_5": 0.73,
        "recall_at_10": 0.81,
        "recall_at_20": 0.86,
        "recall_at_100": 0.99,
        "recall_at_1000": 1.0,
        "precision_at_1": 0.4,
        "precision_at_3": 0.19333,
        "precision_at_5": 0.146,
        "precision_at_10": 0.081,
        "precision_at_20": 0.043,
        "precision_at_100": 0.0099,
        "precision_at_1000": 0.001,
        "mrr_at_1": 0.42,
        "mrr_at_3": 0.5133333333333334,
        "mrr_at_5": 0.5428333333333335,
        "mrr_at_10": 0.5497063492063494,
        "mrr_at_20": 0.5542808441558443,
        "mrr_at_100": 0.5569432599006916,
        "mrr_at_1000": 0.5570157236688076,
        "naucs_at_1_max": -0.2644052523171989,
        "naucs_at_1_std": -0.451467559217302,
        "naucs_at_1_diff1": 0.4558831101956746,
        "naucs_at_3_max": -0.1959108454015145,
        "naucs_at_3_std": -0.3312389354848067,
        "naucs_at_3_diff1": 0.41043909800621065,
        "naucs_at_5_max": -0.08767618785507791,
        "naucs_at_5_std": -0.32170870274626867,
        "naucs_at_5_diff1": 0.2511745857005256,
        "naucs_at_10_max": -0.06666142804756423,
        "naucs_at_10_std": -0.3502540730263486,
        "naucs_at_10_diff1": 0.18460893708418508,
        "naucs_at_20_max": -0.057433836774283015,
        "naucs_at_20_std": -0.28325481502008865,
        "naucs_at_20_diff1": 0.02345157267562811,
        "naucs_at_100_max": -1.7399626517273008,
        "naucs_at_100_std": -1.7399626517273008,
        "naucs_at_100_diff1": 0.8692810457516374,
        "naucs_at_1000_max": NaN,
        "naucs_at_1000_std": NaN,
        "naucs_at_1000_diff1": NaN
    }
}