{
    "vidore/shiftproject_test": {
        "ndcg_at_1": 0.45,
        "ndcg_at_3": 0.58857,
        "ndcg_at_5": 0.62645,
        "ndcg_at_10": 0.64295,
        "ndcg_at_20": 0.65853,
        "ndcg_at_100": 0.67691,
        "ndcg_at_1000": 0.67979,
        "map_at_1": 0.45,
        "map_at_3": 0.55667,
        "map_at_5": 0.57817,
        "map_at_10": 0.58518,
        "map_at_20": 0.58968,
        "map_at_100": 0.59212,
        "map_at_1000": 0.59228,
        "recall_at_1": 0.45,
        "recall_at_3": 0.68,
        "recall_at_5": 0.77,
        "recall_at_10": 0.82,
        "recall_at_20": 0.88,
        "recall_at_100": 0.98,
        "recall_at_1000": 1.0,
        "precision_at_1": 0.45,
        "precision_at_3": 0.22667,
        "precision_at_5": 0.154,
        "precision_at_10": 0.082,
        "precision_at_20": 0.044,
        "precision_at_100": 0.0098,
        "precision_at_1000": 0.001,
        "mrr_at_1": 0.48,
        "mrr_at_3": 0.5850000000000002,
        "mrr_at_5": 0.5965000000000003,
        "mrr_at_10": 0.606277777777778,
        "mrr_at_20": 0.60914908191224,
        "mrr_at_100": 0.6118881616589418,
        "mrr_at_1000": 0.6119601041049849,
        "naucs_at_1_max": -0.3164669678517646,
        "naucs_at_1_std": -0.44111831336345214,
        "naucs_at_1_diff1": 0.5899823217442541,
        "naucs_at_3_max": -0.3843894685923555,
        "naucs_at_3_std": -0.4115472323958247,
        "naucs_at_3_diff1": 0.44264390850666874,
        "naucs_at_5_max": -0.2643181665584903,
        "naucs_at_5_std": -0.3785949284930938,
        "naucs_at_5_diff1": 0.38891251314876624,
        "naucs_at_10_max": -0.15208172706245018,
        "naucs_at_10_std": -0.42113668906266993,
        "naucs_at_10_diff1": 0.4120497852186369,
        "naucs_at_20_max": -0.07874642061724244,
        "naucs_at_20_std": -0.3152243079859996,
        "naucs_at_20_diff1": 0.4092427616926519,
        "naucs_at_100_max": -1.1517273576097031,
        "naucs_at_100_std": -1.4458450046685247,
        "naucs_at_100_diff1": 0.7117180205415448,
        "naucs_at_1000_max": NaN,
        "naucs_at_1000_std": NaN,
        "naucs_at_1000_diff1": NaN
    }
}