{
    "vidore/shiftproject_test": {
        "ndcg_at_1": 0.46,
        "ndcg_at_3": 0.61619,
        "ndcg_at_5": 0.65619,
        "ndcg_at_10": 0.67957,
        "ndcg_at_20": 0.68499,
        "ndcg_at_100": 0.6986,
        "ndcg_at_1000": 0.7015,
        "map_at_1": 0.46,
        "map_at_3": 0.58,
        "map_at_5": 0.6015,
        "map_at_10": 0.61156,
        "map_at_20": 0.61324,
        "map_at_100": 0.61537,
        "map_at_1000": 0.61554,
        "recall_at_1": 0.46,
        "recall_at_3": 0.72,
        "recall_at_5": 0.82,
        "recall_at_10": 0.89,
        "recall_at_20": 0.91,
        "recall_at_100": 0.98,
        "recall_at_1000": 1.0,
        "precision_at_1": 0.46,
        "precision_at_3": 0.24,
        "precision_at_5": 0.164,
        "precision_at_10": 0.089,
        "precision_at_20": 0.0455,
        "precision_at_100": 0.0098,
        "precision_at_1000": 0.001,
        "mrr_at_1": 0.53,
        "mrr_at_3": 0.625,
        "mrr_at_5": 0.6545000000000001,
        "mrr_at_10": 0.6600238095238096,
        "mrr_at_20": 0.6609329004329005,
        "mrr_at_100": 0.6632660805406926,
        "mrr_at_1000": 0.6633480477538072,
        "naucs_at_1_max": -0.28869149299624197,
        "naucs_at_1_std": -0.3951407321752386,
        "naucs_at_1_diff1": 0.6540695382512945,
        "naucs_at_3_max": -0.21172924297924203,
        "naucs_at_3_std": -0.4064217032967016,
        "naucs_at_3_diff1": 0.4739583333333331,
        "naucs_at_5_max": -0.09830377794911195,
        "naucs_at_5_std": -0.2759114439916278,
        "naucs_at_5_diff1": 0.47681462716158257,
        "naucs_at_10_max": -0.028691693153508262,
        "naucs_at_10_std": -0.2950347908255297,
        "naucs_at_10_diff1": 0.2710677776823295,
        "naucs_at_20_max": 0.01307189542483876,
        "naucs_at_20_std": -0.4502023031434774,
        "naucs_at_20_diff1": 0.27886710239651363,
        "naucs_at_100_max": -1.1517273576097031,
        "naucs_at_100_std": -1.4458450046685247,
        "naucs_at_100_diff1": 0.7117180205415448,
        "naucs_at_1000_max": NaN,
        "naucs_at_1000_std": NaN,
        "naucs_at_1000_diff1": NaN
    }
}