{
    "vidore/shiftproject_test": {
        "ndcg_at_1": 0.41,
        "ndcg_at_3": 0.58357,
        "ndcg_at_5": 0.62875,
        "ndcg_at_10": 0.63191,
        "ndcg_at_20": 0.64216,
        "ndcg_at_100": 0.66296,
        "ndcg_at_1000": 0.66582,
        "map_at_1": 0.41,
        "map_at_3": 0.54,
        "map_at_5": 0.565,
        "map_at_10": 0.56625,
        "map_at_20": 0.56914,
        "map_at_100": 0.57214,
        "map_at_1000": 0.5723,
        "recall_at_1": 0.41,
        "recall_at_3": 0.71,
        "recall_at_5": 0.82,
        "recall_at_10": 0.83,
        "recall_at_20": 0.87,
        "recall_at_100": 0.98,
        "recall_at_1000": 1.0,
        "precision_at_1": 0.41,
        "precision_at_3": 0.23667,
        "precision_at_5": 0.164,
        "precision_at_10": 0.083,
        "precision_at_20": 0.0435,
        "precision_at_100": 0.0098,
        "precision_at_1000": 0.001,
        "mrr_at_1": 0.44,
        "mrr_at_3": 0.5700000000000001,
        "mrr_at_5": 0.5905000000000001,
        "mrr_at_10": 0.5929285714285715,
        "mrr_at_20": 0.5940723622782448,
        "mrr_at_100": 0.5973069377483033,
        "mrr_at_1000": 0.5974684958581373,
        "naucs_at_1_max": -0.13141816396915412,
        "naucs_at_1_std": -0.2858416110156685,
        "naucs_at_1_diff1": 0.6446387744293888,
        "naucs_at_3_max": -0.18158738394825988,
        "naucs_at_3_std": -0.37056872301391597,
        "naucs_at_3_diff1": 0.42219669032485235,
        "naucs_at_5_max": -0.1711642251349249,
        "naucs_at_5_std": -0.3824760436171366,
        "naucs_at_5_diff1": 0.3273212908910678,
        "naucs_at_10_max": -0.0722412492018311,
        "naucs_at_10_std": -0.4254077900969371,
        "naucs_at_10_diff1": 0.2909676670343074,
        "naucs_at_20_max": -0.11345626897726417,
        "naucs_at_20_std": -0.3017477597570889,
        "naucs_at_20_diff1": 0.4285714285714293,
        "naucs_at_100_max": -1.1517273576097031,
        "naucs_at_100_std": -1.4458450046685247,
        "naucs_at_100_diff1": 0.795751633986937,
        "naucs_at_1000_max": NaN,
        "naucs_at_1000_std": NaN,
        "naucs_at_1000_diff1": NaN
    }
}