{
    "vidore/shiftproject_test": {
        "ndcg_at_1": 0.38,
        "ndcg_at_3": 0.49071,
        "ndcg_at_5": 0.53633,
        "ndcg_at_10": 0.56923,
        "ndcg_at_20": 0.57648,
        "ndcg_at_100": 0.60279,
        "ndcg_at_1000": 0.60984,
        "map_at_1": 0.38,
        "map_at_3": 0.46333,
        "map_at_5": 0.48883,
        "map_at_10": 0.50273,
        "map_at_20": 0.50455,
        "map_at_100": 0.50831,
        "map_at_1000": 0.50868,
        "recall_at_1": 0.38,
        "recall_at_3": 0.57,
        "recall_at_5": 0.68,
        "recall_at_10": 0.78,
        "recall_at_20": 0.81,
        "recall_at_100": 0.95,
        "recall_at_1000": 1.0,
        "precision_at_1": 0.38,
        "precision_at_3": 0.19,
        "precision_at_5": 0.136,
        "precision_at_10": 0.078,
        "precision_at_20": 0.0405,
        "precision_at_100": 0.0095,
        "precision_at_1000": 0.001,
        "mrr_at_1": 0.42,
        "mrr_at_3": 0.48833333333333345,
        "mrr_at_5": 0.5133333333333334,
        "mrr_at_10": 0.5264682539682541,
        "mrr_at_20": 0.5288456718719879,
        "mrr_at_100": 0.5324114667529531,
        "mrr_at_1000": 0.5327875519579567,
        "naucs_at_1_max": -0.2525017544771659,
        "naucs_at_1_std": -0.34442336183817235,
        "naucs_at_1_diff1": 0.4332908793179631,
        "naucs_at_3_max": -0.06722061968111763,
        "naucs_at_3_std": -0.1879565448257047,
        "naucs_at_3_diff1": 0.2017910190726316,
        "naucs_at_5_max": 0.08672517448690557,
        "naucs_at_5_std": 0.0018485246354786975,
        "naucs_at_5_diff1": 0.1147294589178366,
        "naucs_at_10_max": 0.01599666156628259,
        "naucs_at_10_std": -0.105438864932535,
        "naucs_at_10_diff1": 0.10794269022117245,
        "naucs_at_20_max": 0.018780449473520214,
        "naucs_at_20_std": -0.12549112054062417,
        "naucs_at_20_diff1": 0.2024202420242036,
        "naucs_at_100_max": -0.17992530345471622,
        "naucs_at_100_std": -0.02726423902894287,
        "naucs_at_100_diff1": 0.2975723622782454,
        "naucs_at_1000_max": NaN,
        "naucs_at_1000_std": NaN,
        "naucs_at_1000_diff1": NaN
    }
}