{
    "vidore/shiftproject_test": {
        "ndcg_at_1": 0.43,
        "ndcg_at_3": 0.52702,
        "ndcg_at_5": 0.56921,
        "ndcg_at_10": 0.60301,
        "ndcg_at_20": 0.61326,
        "ndcg_at_100": 0.63548,
        "ndcg_at_1000": 0.64249,
        "map_at_1": 0.43,
        "map_at_3": 0.505,
        "map_at_5": 0.529,
        "map_at_10": 0.5438,
        "map_at_20": 0.54669,
        "map_at_100": 0.54971,
        "map_at_1000": 0.55007,
        "recall_at_1": 0.43,
        "recall_at_3": 0.59,
        "recall_at_5": 0.69,
        "recall_at_10": 0.79,
        "recall_at_20": 0.83,
        "recall_at_100": 0.95,
        "recall_at_1000": 1.0,
        "precision_at_1": 0.43,
        "precision_at_3": 0.19667,
        "precision_at_5": 0.138,
        "precision_at_10": 0.079,
        "precision_at_20": 0.0415,
        "precision_at_100": 0.0095,
        "precision_at_1000": 0.001,
        "mrr_at_1": 0.45,
        "mrr_at_3": 0.5316666666666667,
        "mrr_at_5": 0.5476666666666667,
        "mrr_at_10": 0.5597896825396826,
        "mrr_at_20": 0.5632378454878456,
        "mrr_at_100": 0.5660930336098439,
        "mrr_at_1000": 0.566371242003974,
        "naucs_at_1_max": -0.18738213835169273,
        "naucs_at_1_std": -0.37779454032331466,
        "naucs_at_1_diff1": 0.45405834232875114,
        "naucs_at_3_max": -0.24222636359634273,
        "naucs_at_3_std": -0.45566202474063355,
        "naucs_at_3_diff1": 0.3199700647130474,
        "naucs_at_5_max": -0.0775173289592041,
        "naucs_at_5_std": -0.2718309610737777,
        "naucs_at_5_diff1": 0.1499726616928588,
        "naucs_at_10_max": 0.01608675788107031,
        "naucs_at_10_std": -0.17500661264337367,
        "naucs_at_10_diff1": 0.1690191646427971,
        "naucs_at_20_max": 0.012567481279389706,
        "naucs_at_20_std": -0.18082080455099314,
        "naucs_at_20_diff1": 0.2137052301619565,
        "naucs_at_100_max": -0.4926237161531274,
        "naucs_at_100_std": -0.5046685340803014,
        "naucs_at_100_diff1": 0.1426704014939326,
        "naucs_at_1000_max": NaN,
        "naucs_at_1000_std": NaN,
        "naucs_at_1000_diff1": NaN
    }
}