{
    "vidore/shiftproject_test": {
        "ndcg_at_1": 0.4,
        "ndcg_at_3": 0.56357,
        "ndcg_at_5": 0.62255,
        "ndcg_at_10": 0.63894,
        "ndcg_at_20": 0.64619,
        "ndcg_at_100": 0.66147,
        "ndcg_at_1000": 0.66435,
        "map_at_1": 0.4,
        "map_at_3": 0.52333,
        "map_at_5": 0.55683,
        "map_at_10": 0.56372,
        "map_at_20": 0.56552,
        "map_at_100": 0.56783,
        "map_at_1000": 0.56799,
        "recall_at_1": 0.4,
        "recall_at_3": 0.68,
        "recall_at_5": 0.82,
        "recall_at_10": 0.87,
        "recall_at_20": 0.9,
        "recall_at_100": 0.98,
        "recall_at_1000": 1.0,
        "precision_at_1": 0.4,
        "precision_at_3": 0.22667,
        "precision_at_5": 0.164,
        "precision_at_10": 0.087,
        "precision_at_20": 0.045,
        "precision_at_100": 0.0098,
        "precision_at_1000": 0.001,
        "mrr_at_1": 0.42,
        "mrr_at_3": 0.5616666666666668,
        "mrr_at_5": 0.5881666666666667,
        "mrr_at_10": 0.5912619047619049,
        "mrr_at_20": 0.5942449813258638,
        "mrr_at_100": 0.5960053433496286,
        "mrr_at_1000": 0.5960757658848399,
        "naucs_at_1_max": -0.3312693099897014,
        "naucs_at_1_std": -0.4312950566426367,
        "naucs_at_1_diff1": 0.5553166838311022,
        "naucs_at_3_max": -0.1326964273374328,
        "naucs_at_3_std": -0.37138069241932015,
        "naucs_at_3_diff1": 0.46325409439568804,
        "naucs_at_5_max": -0.06988655138230795,
        "naucs_at_5_std": -0.4217975547967814,
        "naucs_at_5_diff1": 0.3421081616918165,
        "naucs_at_10_max": -0.0650225875731311,
        "naucs_at_10_std": -0.44482707546470757,
        "naucs_at_10_diff1": 0.2768644005035912,
        "naucs_at_20_max": -0.12483660130718745,
        "naucs_at_20_std": -0.47021475256768985,
        "naucs_at_20_diff1": 0.32091503267974053,
        "naucs_at_100_max": -1.1517273576097031,
        "naucs_at_100_std": -1.4458450046685247,
        "naucs_at_100_diff1": 0.638188608776847,
        "naucs_at_1000_max": NaN,
        "naucs_at_1000_std": NaN,
        "naucs_at_1000_diff1": NaN
    }
}