{
    "vidore/shiftproject_test": {
        "ndcg_at_1": 0.27,
        "ndcg_at_3": 0.35571,
        "ndcg_at_5": 0.41944,
        "ndcg_at_10": 0.46268,
        "ndcg_at_20": 0.49762,
        "ndcg_at_100": 0.51788,
        "ndcg_at_1000": 0.52595,
        "map_at_1": 0.27,
        "map_at_3": 0.33667,
        "map_at_5": 0.37317,
        "map_at_10": 0.3917,
        "map_at_20": 0.40105,
        "map_at_100": 0.40377,
        "map_at_1000": 0.40413,
        "recall_at_1": 0.27,
        "recall_at_3": 0.41,
        "recall_at_5": 0.56,
        "recall_at_10": 0.69,
        "recall_at_20": 0.83,
        "recall_at_100": 0.94,
        "recall_at_1000": 1.0,
        "precision_at_1": 0.27,
        "precision_at_3": 0.13667,
        "precision_at_5": 0.112,
        "precision_at_10": 0.069,
        "precision_at_20": 0.0415,
        "precision_at_100": 0.0094,
        "precision_at_1000": 0.001,
        "mrr_at_1": 0.29,
        "mrr_at_3": 0.3716666666666666,
        "mrr_at_5": 0.3931666666666666,
        "mrr_at_10": 0.41200396825396823,
        "mrr_at_20": 0.42135425685425687,
        "mrr_at_100": 0.42427458148687314,
        "mrr_at_1000": 0.4246470989640709,
        "naucs_at_1_max": -0.24917245592351087,
        "naucs_at_1_std": -0.29800110812769043,
        "naucs_at_1_diff1": 0.32105868814729566,
        "naucs_at_3_max": -0.2921580531407831,
        "naucs_at_3_std": -0.3623106036141934,
        "naucs_at_3_diff1": 0.1283439037937402,
        "naucs_at_5_max": -0.18654894390188434,
        "naucs_at_5_std": -0.24277481262775333,
        "naucs_at_5_diff1": 0.11155746082216708,
        "naucs_at_10_max": -0.022258673298410397,
        "naucs_at_10_std": -0.041254387357355204,
        "naucs_at_10_diff1": 0.17507099141048083,
        "naucs_at_20_max": 0.002409009113601874,
        "naucs_at_20_std": -0.09476403320368955,
        "naucs_at_20_diff1": 0.1389388750217702,
        "naucs_at_100_max": -0.390911920323679,
        "naucs_at_100_std": -0.5414721444133123,
        "naucs_at_100_diff1": -0.04855275443510264,
        "naucs_at_1000_max": NaN,
        "naucs_at_1000_std": NaN,
        "naucs_at_1000_diff1": NaN
    }
}