{
    "vidore/shiftproject_test": {
        "ndcg_at_1": 0.41,
        "ndcg_at_3": 0.54333,
        "ndcg_at_5": 0.57691,
        "ndcg_at_10": 0.60992,
        "ndcg_at_20": 0.62044,
        "ndcg_at_100": 0.6445,
        "ndcg_at_1000": 0.6459,
        "map_at_1": 0.41,
        "map_at_3": 0.51,
        "map_at_5": 0.529,
        "map_at_10": 0.54301,
        "map_at_20": 0.54611,
        "map_at_100": 0.54939,
        "map_at_1000": 0.54946,
        "recall_at_1": 0.41,
        "recall_at_3": 0.64,
        "recall_at_5": 0.72,
        "recall_at_10": 0.82,
        "recall_at_20": 0.86,
        "recall_at_100": 0.99,
        "recall_at_1000": 1.0,
        "precision_at_1": 0.41,
        "precision_at_3": 0.21333,
        "precision_at_5": 0.144,
        "precision_at_10": 0.082,
        "precision_at_20": 0.043,
        "precision_at_100": 0.0099,
        "precision_at_1000": 0.001,
        "mrr_at_1": 0.45,
        "mrr_at_3": 0.5366666666666667,
        "mrr_at_5": 0.5596666666666669,
        "mrr_at_10": 0.5722857142857145,
        "mrr_at_20": 0.5741694961385365,
        "mrr_at_100": 0.5772038253984868,
        "mrr_at_1000": 0.5772742479336981,
        "naucs_at_1_max": -0.3295916917472907,
        "naucs_at_1_std": -0.41059457225157253,
        "naucs_at_1_diff1": 0.5573065347404317,
        "naucs_at_3_max": -0.2541991314344101,
        "naucs_at_3_std": -0.21418763571337313,
        "naucs_at_3_diff1": 0.37811342444756685,
        "naucs_at_5_max": -0.20417429792429703,
        "naucs_at_5_std": -0.24389499389499317,
        "naucs_at_5_diff1": 0.37978861416361503,
        "naucs_at_10_max": -0.11614715277012659,
        "naucs_at_10_std": -0.3037504130410813,
        "naucs_at_10_diff1": 0.3521312919925106,
        "naucs_at_20_max": -0.039975058888732116,
        "naucs_at_20_std": -0.2687058334487979,
        "naucs_at_20_diff1": 0.2871345434391017,
        "naucs_at_100_max": -1.7399626517273008,
        "naucs_at_100_std": -1.7399626517273008,
        "naucs_at_100_diff1": 0.12278244631185525,
        "naucs_at_1000_max": NaN,
        "naucs_at_1000_std": NaN,
        "naucs_at_1000_diff1": NaN
    }
}