{
    "vidore/shiftproject_test": {
        "ndcg_at_1": 0.26,
        "ndcg_at_3": 0.3494,
        "ndcg_at_5": 0.39889,
        "ndcg_at_10": 0.44919,
        "ndcg_at_20": 0.47266,
        "ndcg_at_100": 0.50668,
        "ndcg_at_1000": 0.5135,
        "map_at_1": 0.26,
        "map_at_3": 0.32833,
        "map_at_5": 0.35583,
        "map_at_10": 0.37765,
        "map_at_20": 0.38446,
        "map_at_100": 0.38937,
        "map_at_1000": 0.38969,
        "recall_at_1": 0.26,
        "recall_at_3": 0.41,
        "recall_at_5": 0.53,
        "recall_at_10": 0.68,
        "recall_at_20": 0.77,
        "recall_at_100": 0.95,
        "recall_at_1000": 1.0,
        "precision_at_1": 0.26,
        "precision_at_3": 0.13667,
        "precision_at_5": 0.106,
        "precision_at_10": 0.068,
        "precision_at_20": 0.0385,
        "precision_at_100": 0.0095,
        "precision_at_1000": 0.001,
        "mrr_at_1": 0.25,
        "mrr_at_3": 0.33,
        "mrr_at_5": 0.35700000000000004,
        "mrr_at_10": 0.37870238095238085,
        "mrr_at_20": 0.3852322538572539,
        "mrr_at_100": 0.3896013711911038,
        "mrr_at_1000": 0.38992523872596946,
        "naucs_at_1_max": -0.18222948165707836,
        "naucs_at_1_std": -0.35078488624208615,
        "naucs_at_1_diff1": 0.2065277095198174,
        "naucs_at_3_max": -0.2431507291680124,
        "naucs_at_3_std": -0.3526357260033329,
        "naucs_at_3_diff1": 0.20097652970277796,
        "naucs_at_5_max": -0.13777508969195412,
        "naucs_at_5_std": -0.16143177225803773,
        "naucs_at_5_diff1": 0.09322464913607086,
        "naucs_at_10_max": -0.08154239513509715,
        "naucs_at_10_std": -0.10873471080091117,
        "naucs_at_10_diff1": 0.1551033100684132,
        "naucs_at_20_max": -0.011705199077907125,
        "naucs_at_20_std": -0.04849936214498141,
        "naucs_at_20_diff1": 0.1768313153241877,
        "naucs_at_100_max": -0.31718020541549824,
        "naucs_at_100_std": -0.6429505135387541,
        "naucs_at_100_diff1": 0.31251167133520497,
        "naucs_at_1000_max": NaN,
        "naucs_at_1000_std": NaN,
        "naucs_at_1000_diff1": NaN
    }
}