{
    "vidore/shiftproject_test": {
        "ndcg_at_1": 0.55,
        "ndcg_at_3": 0.67333,
        "ndcg_at_5": 0.71464,
        "ndcg_at_10": 0.73849,
        "ndcg_at_20": 0.74349,
        "ndcg_at_100": 0.74701,
        "ndcg_at_1000": 0.75126,
        "map_at_1": 0.55,
        "map_at_3": 0.64333,
        "map_at_5": 0.66633,
        "map_at_10": 0.67687,
        "map_at_20": 0.67821,
        "map_at_100": 0.67862,
        "map_at_1000": 0.67885,
        "recall_at_1": 0.55,
        "recall_at_3": 0.76,
        "recall_at_5": 0.86,
        "recall_at_10": 0.93,
        "recall_at_20": 0.95,
        "recall_at_100": 0.97,
        "recall_at_1000": 1.0,
        "precision_at_1": 0.55,
        "precision_at_3": 0.25333,
        "precision_at_5": 0.172,
        "precision_at_10": 0.093,
        "precision_at_20": 0.0475,
        "precision_at_100": 0.0097,
        "precision_at_1000": 0.001,
        "mrr_at_1": 0.58,
        "mrr_at_3": 0.6716666666666665,
        "mrr_at_5": 0.6921666666666667,
        "mrr_at_10": 0.7002619047619046,
        "mrr_at_20": 0.7017454212454212,
        "mrr_at_100": 0.7022086247086247,
        "mrr_at_1000": 0.7024479973370081,
        "naucs_at_1_max": -0.009309836410868565,
        "naucs_at_1_std": -0.39472021343818015,
        "naucs_at_1_diff1": 0.40221863371480715,
        "naucs_at_3_max": -0.01853854806610698,
        "naucs_at_3_std": -0.487864497707017,
        "naucs_at_3_diff1": 0.32594964091027034,
        "naucs_at_5_max": 0.005854233060828692,
        "naucs_at_5_std": -0.4893307468477186,
        "naucs_at_5_diff1": 0.24438824996535924,
        "naucs_at_10_max": 0.0141389889289062,
        "naucs_at_10_std": -0.48786181139122065,
        "naucs_at_10_diff1": 0.21168467386954945,
        "naucs_at_20_max": -0.26489262371614236,
        "naucs_at_20_std": -0.6732959850606769,
        "naucs_at_20_diff1": 0.3845004668534126,
        "naucs_at_100_max": -0.10224089635853875,
        "naucs_at_100_std": -1.3478057889822543,
        "naucs_at_100_diff1": 0.5589791472144443,
        "naucs_at_1000_max": NaN,
        "naucs_at_1000_std": NaN,
        "naucs_at_1000_diff1": NaN
    }
}