{
    "vidore/shiftproject_test": {
        "ndcg_at_1": 0.48,
        "ndcg_at_3": 0.5994,
        "ndcg_at_5": 0.62823,
        "ndcg_at_10": 0.65733,
        "ndcg_at_20": 0.67522,
        "ndcg_at_100": 0.68355,
        "ndcg_at_1000": 0.68921,
        "map_at_1": 0.48,
        "map_at_3": 0.56833,
        "map_at_5": 0.58433,
        "map_at_10": 0.59635,
        "map_at_20": 0.60135,
        "map_at_100": 0.60284,
        "map_at_1000": 0.60315,
        "recall_at_1": 0.48,
        "recall_at_3": 0.69,
        "recall_at_5": 0.76,
        "recall_at_10": 0.85,
        "recall_at_20": 0.92,
        "recall_at_100": 0.96,
        "recall_at_1000": 1.0,
        "precision_at_1": 0.48,
        "precision_at_3": 0.23,
        "precision_at_5": 0.152,
        "precision_at_10": 0.085,
        "precision_at_20": 0.046,
        "precision_at_100": 0.0096,
        "precision_at_1000": 0.001,
        "mrr_at_1": 0.5,
        "mrr_at_3": 0.5833333333333334,
        "mrr_at_5": 0.6103333333333334,
        "mrr_at_10": 0.6190119047619048,
        "mrr_at_20": 0.6228122710622712,
        "mrr_at_100": 0.6243793706293708,
        "mrr_at_1000": 0.6246981559985909,
        "naucs_at_1_max": -0.17423520694400343,
        "naucs_at_1_std": -0.29259288663067634,
        "naucs_at_1_diff1": 0.49192865459934376,
        "naucs_at_3_max": -0.2243681323526806,
        "naucs_at_3_std": -0.3616946222904202,
        "naucs_at_3_diff1": 0.2897684180820858,
        "naucs_at_5_max": -0.2992342303365914,
        "naucs_at_5_std": -0.2306178073894601,
        "naucs_at_5_diff1": 0.212165786968937,
        "naucs_at_10_max": -0.31552229092092104,
        "naucs_at_10_std": -0.3922551252847351,
        "naucs_at_10_diff1": 0.4243084933289945,
        "naucs_at_20_max": -0.256769374416428,
        "naucs_at_20_std": -0.6762371615312723,
        "naucs_at_20_diff1": 0.5072945845004668,
        "naucs_at_100_max": 0.030345471521942655,
        "naucs_at_100_std": -0.7252567693744162,
        "naucs_at_100_diff1": 0.36823062558356945,
        "naucs_at_1000_max": NaN,
        "naucs_at_1000_std": NaN,
        "naucs_at_1000_diff1": NaN
    }
}