{
    "vidore/shiftproject_test": {
        "ndcg_at_1": 0.54,
        "ndcg_at_3": 0.66964,
        "ndcg_at_5": 0.71183,
        "ndcg_at_10": 0.73553,
        "ndcg_at_20": 0.74079,
        "ndcg_at_100": 0.74435,
        "ndcg_at_1000": 0.7486,
        "map_at_1": 0.54,
        "map_at_3": 0.63833,
        "map_at_5": 0.66233,
        "map_at_10": 0.67273,
        "map_at_20": 0.67428,
        "map_at_100": 0.67473,
        "map_at_1000": 0.67496,
        "recall_at_1": 0.54,
        "recall_at_3": 0.76,
        "recall_at_5": 0.86,
        "recall_at_10": 0.93,
        "recall_at_20": 0.95,
        "recall_at_100": 0.97,
        "recall_at_1000": 1.0,
        "precision_at_1": 0.54,
        "precision_at_3": 0.25333,
        "precision_at_5": 0.172,
        "precision_at_10": 0.093,
        "precision_at_20": 0.0475,
        "precision_at_100": 0.0097,
        "precision_at_1000": 0.001,
        "mrr_at_1": 0.59,
        "mrr_at_3": 0.6833333333333332,
        "mrr_at_5": 0.7068333333333334,
        "mrr_at_10": 0.71075,
        "mrr_at_20": 0.7115192307692308,
        "mrr_at_100": 0.7119994912494912,
        "mrr_at_1000": 0.7122415554137479,
        "naucs_at_1_max": -0.16411047206246016,
        "naucs_at_1_std": -0.38802756244616715,
        "naucs_at_1_diff1": 0.4604206607207354,
        "naucs_at_3_max": -0.17208185515272112,
        "naucs_at_3_std": -0.445163104611923,
        "naucs_at_3_diff1": 0.3818248680453402,
        "naucs_at_5_max": -0.08434945268116893,
        "naucs_at_5_std": -0.5286129970901997,
        "naucs_at_5_diff1": 0.3676389081335746,
        "naucs_at_10_max": 0.0141389889289062,
        "naucs_at_10_std": -0.48786181139122065,
        "naucs_at_10_diff1": 0.20328131252501258,
        "naucs_at_20_max": -0.26489262371614236,
        "naucs_at_20_std": -0.6732959850606769,
        "naucs_at_20_diff1": 0.37273576097106104,
        "naucs_at_100_max": -0.10224089635853875,
        "naucs_at_100_std": -1.3478057889822543,
        "naucs_at_100_diff1": 0.4936196700902617,
        "naucs_at_1000_max": NaN,
        "naucs_at_1000_std": NaN,
        "naucs_at_1000_diff1": NaN
    }
}