{
    "vidore/shiftproject_test": {
        "ndcg_at_1": 0.44,
        "ndcg_at_3": 0.58464,
        "ndcg_at_5": 0.61435,
        "ndcg_at_10": 0.65752,
        "ndcg_at_20": 0.67557,
        "ndcg_at_100": 0.67557,
        "ndcg_at_1000": 0.68126,
        "map_at_1": 0.44,
        "map_at_3": 0.54833,
        "map_at_5": 0.56533,
        "map_at_10": 0.58384,
        "map_at_20": 0.58896,
        "map_at_100": 0.58896,
        "map_at_1000": 0.58927,
        "recall_at_1": 0.44,
        "recall_at_3": 0.69,
        "recall_at_5": 0.76,
        "recall_at_10": 0.89,
        "recall_at_20": 0.96,
        "recall_at_100": 0.96,
        "recall_at_1000": 1.0,
        "precision_at_1": 0.44,
        "precision_at_3": 0.23,
        "precision_at_5": 0.152,
        "precision_at_10": 0.089,
        "precision_at_20": 0.048,
        "precision_at_100": 0.0096,
        "precision_at_1000": 0.001,
        "mrr_at_1": 0.49,
        "mrr_at_3": 0.59,
        "mrr_at_5": 0.6065,
        "mrr_at_10": 0.6239960317460317,
        "mrr_at_20": 0.6269319291819293,
        "mrr_at_100": 0.6269319291819293,
        "mrr_at_1000": 0.6272549739053709,
        "naucs_at_1_max": -0.2688312366236885,
        "naucs_at_1_std": -0.24266586626298475,
        "naucs_at_1_diff1": 0.5112622018061281,
        "naucs_at_3_max": -0.20542533114626815,
        "naucs_at_3_std": -0.32897684180820735,
        "naucs_at_3_diff1": 0.3274070938497633,
        "naucs_at_5_max": -0.27016094142078223,
        "naucs_at_5_std": -0.3363762222029927,
        "naucs_at_5_diff1": 0.25129791468374124,
        "naucs_at_10_max": -0.30998196031268616,
        "naucs_at_10_std": -0.38626406666093926,
        "naucs_at_10_diff1": 0.24533974744437753,
        "naucs_at_20_max": 0.030345471521942405,
        "naucs_at_20_std": -0.7252567693744031,
        "naucs_at_20_diff1": 0.4760737628384699,
        "naucs_at_100_max": 0.030345471521942655,
        "naucs_at_100_std": -0.7252567693744162,
        "naucs_at_100_diff1": 0.4760737628384687,
        "naucs_at_1000_max": NaN,
        "naucs_at_1000_std": NaN,
        "naucs_at_1000_diff1": NaN
    }
}