{
    "vidore/shiftproject_test": {
        "ndcg_at_1": 0.45,
        "ndcg_at_3": 0.57702,
        "ndcg_at_5": 0.61359,
        "ndcg_at_10": 0.65288,
        "ndcg_at_20": 0.66042,
        "ndcg_at_100": 0.67078,
        "ndcg_at_1000": 0.67646,
        "map_at_1": 0.45,
        "map_at_3": 0.545,
        "map_at_5": 0.565,
        "map_at_10": 0.5815,
        "map_at_20": 0.58354,
        "map_at_100": 0.5854,
        "map_at_1000": 0.58571,
        "recall_at_1": 0.45,
        "recall_at_3": 0.67,
        "recall_at_5": 0.76,
        "recall_at_10": 0.88,
        "recall_at_20": 0.91,
        "recall_at_100": 0.96,
        "recall_at_1000": 1.0,
        "precision_at_1": 0.45,
        "precision_at_3": 0.22333,
        "precision_at_5": 0.152,
        "precision_at_10": 0.088,
        "precision_at_20": 0.0455,
        "precision_at_100": 0.0096,
        "precision_at_1000": 0.001,
        "mrr_at_1": 0.49,
        "mrr_at_3": 0.5683333333333334,
        "mrr_at_5": 0.6013333333333334,
        "mrr_at_10": 0.6114404761904763,
        "mrr_at_20": 0.6133477443609023,
        "mrr_at_100": 0.6148297029428609,
        "mrr_at_1000": 0.6151591492825506,
        "naucs_at_1_max": -0.14602239245727763,
        "naucs_at_1_std": -0.31953119884763953,
        "naucs_at_1_diff1": 0.5122110914686049,
        "naucs_at_3_max": -0.21746711584364511,
        "naucs_at_3_std": -0.3474970797853425,
        "naucs_at_3_diff1": 0.36842105263157904,
        "naucs_at_5_max": -0.09202215107726916,
        "naucs_at_5_std": -0.27044215626892776,
        "naucs_at_5_diff1": 0.3373929220385913,
        "naucs_at_10_max": -0.18314508431434656,
        "naucs_at_10_std": -0.4574451161310829,
        "naucs_at_10_diff1": 0.43736080178173653,
        "naucs_at_20_max": -0.33442265795206655,
        "naucs_at_20_std": -0.5874572051042608,
        "naucs_at_20_diff1": 0.6154165369851649,
        "naucs_at_100_max": 0.030345471521942655,
        "naucs_at_100_std": -0.7252567693744162,
        "naucs_at_100_diff1": 0.5671101774042967,
        "naucs_at_1000_max": NaN,
        "naucs_at_1000_std": NaN,
        "naucs_at_1000_diff1": NaN
    }
}