{
    "vidore/shiftproject_test": {
        "ndcg_at_1": 0.5,
        "ndcg_at_3": 0.62964,
        "ndcg_at_5": 0.683,
        "ndcg_at_10": 0.70263,
        "ndcg_at_20": 0.71282,
        "ndcg_at_100": 0.71644,
        "ndcg_at_1000": 0.72071,
        "map_at_1": 0.5,
        "map_at_3": 0.59833,
        "map_at_5": 0.62783,
        "map_at_10": 0.63607,
        "map_at_20": 0.6389,
        "map_at_100": 0.63937,
        "map_at_1000": 0.6396,
        "recall_at_1": 0.5,
        "recall_at_3": 0.72,
        "recall_at_5": 0.85,
        "recall_at_10": 0.91,
        "recall_at_20": 0.95,
        "recall_at_100": 0.97,
        "recall_at_1000": 1.0,
        "precision_at_1": 0.5,
        "precision_at_3": 0.24,
        "precision_at_5": 0.17,
        "precision_at_10": 0.091,
        "precision_at_20": 0.0475,
        "precision_at_100": 0.0097,
        "precision_at_1000": 0.001,
        "mrr_at_1": 0.54,
        "mrr_at_3": 0.6199999999999999,
        "mrr_at_5": 0.6530000000000001,
        "mrr_at_10": 0.6625238095238096,
        "mrr_at_20": 0.6641471861471863,
        "mrr_at_100": 0.6646376623376625,
        "mrr_at_1000": 0.6648777277888078,
        "naucs_at_1_max": -0.11822784810126553,
        "naucs_at_1_std": -0.43518987341772136,
        "naucs_at_1_diff1": 0.47545636242504985,
        "naucs_at_3_max": -0.1260302197802189,
        "naucs_at_3_std": -0.3841002747252734,
        "naucs_at_3_diff1": 0.35412851037851045,
        "naucs_at_5_max": -0.020110641067359283,
        "naucs_at_5_std": -0.5768630003254128,
        "naucs_at_5_diff1": 0.46628701594533084,
        "naucs_at_10_max": -0.2099284158107656,
        "naucs_at_10_std": -0.526455026455023,
        "naucs_at_10_diff1": 0.45673825085589864,
        "naucs_at_20_max": -0.23548085901026347,
        "naucs_at_20_std": -0.7321195144724413,
        "naucs_at_20_diff1": 0.500093370681608,
        "naucs_at_100_max": -0.0532212885154001,
        "naucs_at_100_std": -1.3478057889822543,
        "naucs_at_100_diff1": 0.7712418300653643,
        "naucs_at_1000_max": NaN,
        "naucs_at_1000_std": NaN,
        "naucs_at_1000_diff1": NaN
    }
}