{
    "vidore/shiftproject_test": {
        "ndcg_at_1": 0.44,
        "ndcg_at_3": 0.57357,
        "ndcg_at_5": 0.64415,
        "ndcg_at_10": 0.66782,
        "ndcg_at_20": 0.67866,
        "ndcg_at_100": 0.68455,
        "ndcg_at_1000": 0.68879,
        "map_at_1": 0.44,
        "map_at_3": 0.54333,
        "map_at_5": 0.58283,
        "map_at_10": 0.59319,
        "map_at_20": 0.59656,
        "map_at_100": 0.59751,
        "map_at_1000": 0.59774,
        "recall_at_1": 0.44,
        "recall_at_3": 0.66,
        "recall_at_5": 0.83,
        "recall_at_10": 0.9,
        "recall_at_20": 0.94,
        "recall_at_100": 0.97,
        "recall_at_1000": 1.0,
        "precision_at_1": 0.44,
        "precision_at_3": 0.22,
        "precision_at_5": 0.166,
        "precision_at_10": 0.09,
        "precision_at_20": 0.047,
        "precision_at_100": 0.0097,
        "precision_at_1000": 0.001,
        "mrr_at_1": 0.51,
        "mrr_at_3": 0.6016666666666667,
        "mrr_at_5": 0.6276666666666667,
        "mrr_at_10": 0.640702380952381,
        "mrr_at_20": 0.6430761183261184,
        "mrr_at_100": 0.6436537580776712,
        "mrr_at_1000": 0.6438940004652625,
        "naucs_at_1_max": -0.37132640810147693,
        "naucs_at_1_std": -0.29660176436811586,
        "naucs_at_1_diff1": 0.5179438325416296,
        "naucs_at_3_max": -0.22284178034451768,
        "naucs_at_3_std": -0.19509442729595972,
        "naucs_at_3_diff1": 0.3740084304158793,
        "naucs_at_5_max": -0.21965519243048465,
        "naucs_at_5_std": -0.3118360712834479,
        "naucs_at_5_diff1": 0.3684042491437867,
        "naucs_at_10_max": -0.16293183940242476,
        "naucs_at_10_std": -0.44192343604107887,
        "naucs_at_10_diff1": 0.32058823529411745,
        "naucs_at_20_max": -0.46171802054154987,
        "naucs_at_20_std": -0.7040149393090597,
        "naucs_at_20_diff1": 0.25700280112044666,
        "naucs_at_100_max": -0.20028011204481608,
        "naucs_at_100_std": -1.1517273576097065,
        "naucs_at_100_diff1": 0.5938375350140057,
        "naucs_at_1000_max": NaN,
        "naucs_at_1000_std": NaN,
        "naucs_at_1000_diff1": NaN
    }
}