{
    "metadata": {
        "timestamp": "2025-03-29T19:16:15.623553",
        "vidore_benchmark_version": "5.0.0"
    },
    "metrics": {
        "vidore/docvqa_test_subsampled": {
            "ndcg_at_1": 0.00222,
            "ndcg_at_3": 0.00583,
            "ndcg_at_5": 0.00755,
            "ndcg_at_10": 0.01026,
            "ndcg_at_20": 0.01579,
            "ndcg_at_50": 0.028,
            "ndcg_at_100": 0.0444,
            "map_at_1": 0.00222,
            "map_at_3": 0.0048,
            "map_at_5": 0.00569,
            "map_at_10": 0.00671,
            "map_at_20": 0.00819,
            "map_at_50": 0.01011,
            "map_at_100": 0.01152,
            "recall_at_1": 0.00222,
            "recall_at_3": 0.00887,
            "recall_at_5": 0.0133,
            "recall_at_10": 0.02217,
            "recall_at_20": 0.04435,
            "recall_at_50": 0.10643,
            "recall_at_100": 0.20843,
            "precision_at_1": 0.00222,
            "precision_at_3": 0.00296,
            "precision_at_5": 0.00266,
            "precision_at_10": 0.00222,
            "precision_at_20": 0.00222,
            "precision_at_50": 0.00213,
            "precision_at_100": 0.00208,
            "mrr_at_1": 0.0022172949002217295,
            "mrr_at_3": 0.0048041389504804135,
            "mrr_at_5": 0.005691056910569106,
            "mrr_at_10": 0.006713476225671347,
            "mrr_at_20": 0.008173884504261446,
            "mrr_at_50": 0.010036742901820866,
            "mrr_at_100": 0.011161100411762732,
            "naucs_at_1_max": 1.0,
            "naucs_at_1_std": 1.0,
            "naucs_at_1_diff1": 0.09859110392894697,
            "naucs_at_3_max": 0.5633800659655838,
            "naucs_at_3_std": 0.5633800659655838,
            "naucs_at_3_diff1": 0.4366194399555919,
            "naucs_at_5_max": 0.3765948100527057,
            "naucs_at_5_std": 0.502347171960773,
            "naucs_at_5_diff1": 0.2957742999444901,
            "naucs_at_10_max": 0.16439398292906574,
            "naucs_at_10_std": 0.2298654997931403,
            "naucs_at_10_diff1": 0.14222633876003626,
            "naucs_at_20_max": 0.057426429739285016,
            "naucs_at_20_std": 0.1266258881947833,
            "naucs_at_20_diff1": 0.0689993130094688,
            "naucs_at_50_max": 0.05718890123617186,
            "naucs_at_50_std": 0.04753126721069276,
            "naucs_at_50_diff1": 0.12559081498743874,
            "naucs_at_100_max": 0.00912029493428421,
            "naucs_at_100_std": -0.02680753177979612,
            "naucs_at_100_diff1": 0.07352041466341964
        }
    }
}