{
    "1": 1.3558202339991112,
    "2": 1.365535088998513,
    "3": 1.400463933001447,
    "4": 1.3439929190008115,
    "5": 1.321883616001287,
    "6": 1.3181289860003744,
    "7": 1.3151082429994858,
    "8": 1.3046175130002666,
    "9": 1.32834462000028,
    "10": 1.387889882998934,
    "20": 1.3186832339997636,
    "30": 1.342763147998994
}