{
    "vidore/syntheticDocQA_energy_test": {
        "ndcg_at_1": 0.87,
        "ndcg_at_3": 0.89393,
        "ndcg_at_5": 0.90254,
        "ndcg_at_10": 0.91601,
        "ndcg_at_20": 0.91832,
        "ndcg_at_100": 0.92189,
        "ndcg_at_1000": 0.92189,
        "map_at_1": 0.87,
        "map_at_3": 0.88833,
        "map_at_5": 0.89333,
        "map_at_10": 0.89921,
        "map_at_20": 0.89973,
        "map_at_100": 0.90018,
        "map_at_1000": 0.90018,
        "recall_at_1": 0.87,
        "recall_at_3": 0.91,
        "recall_at_5": 0.93,
        "recall_at_10": 0.97,
        "recall_at_20": 0.98,
        "recall_at_100": 1.0,
        "recall_at_1000": 1.0,
        "precision_at_1": 0.87,
        "precision_at_3": 0.30333,
        "precision_at_5": 0.186,
        "precision_at_10": 0.097,
        "precision_at_20": 0.049,
        "precision_at_100": 0.01,
        "precision_at_1000": 0.001,
        "mrr_at_1": 0.87,
        "mrr_at_3": 0.8983333333333333,
        "mrr_at_5": 0.8983333333333333,
        "mrr_at_10": 0.9029166666666667,
        "mrr_at_20": 0.9035049019607844,
        "mrr_at_100": 0.9039919149477973,
        "mrr_at_1000": 0.9039919149477973,
        "naucs_at_1_max": -0.3609938532178038,
        "naucs_at_1_std": -0.24331630008146252,
        "naucs_at_1_diff1": 0.8972450566540772,
        "naucs_at_3_max": -0.3854134246291115,
        "naucs_at_3_std": -0.43495175848117007,
        "naucs_at_3_diff1": 0.8887332710862136,
        "naucs_at_5_max": -0.3485394157663028,
        "naucs_at_5_std": -0.39822595704948466,
        "naucs_at_5_diff1": 0.9206349206349209,
        "naucs_at_10_max": 0.08839091192031695,
        "naucs_at_10_std": -0.27591036414565706,
        "naucs_at_10_diff1": 1.0,
        "naucs_at_20_max": 0.21825396825397442,
        "naucs_at_20_std": 0.45611577964519334,
        "naucs_at_20_diff1": 1.0,
        "naucs_at_100_max": NaN,
        "naucs_at_100_std": NaN,
        "naucs_at_100_diff1": NaN,
        "naucs_at_1000_max": NaN,
        "naucs_at_1000_std": NaN,
        "naucs_at_1000_diff1": NaN
    }
}