{
    "vidore/syntheticDocQA_energy_test": {
        "ndcg_at_1": 0.78,
        "ndcg_at_3": 0.86071,
        "ndcg_at_5": 0.87794,
        "ndcg_at_10": 0.88127,
        "ndcg_at_20": 0.8864,
        "ndcg_at_100": 0.89011,
        "ndcg_at_1000": 0.89011,
        "map_at_1": 0.78,
        "map_at_3": 0.84333,
        "map_at_5": 0.85333,
        "map_at_10": 0.85476,
        "map_at_20": 0.8562,
        "map_at_100": 0.85675,
        "map_at_1000": 0.85675,
        "recall_at_1": 0.78,
        "recall_at_3": 0.91,
        "recall_at_5": 0.95,
        "recall_at_10": 0.96,
        "recall_at_20": 0.98,
        "recall_at_100": 1.0,
        "recall_at_1000": 1.0,
        "precision_at_1": 0.78,
        "precision_at_3": 0.30333,
        "precision_at_5": 0.19,
        "precision_at_10": 0.096,
        "precision_at_20": 0.049,
        "precision_at_100": 0.01,
        "precision_at_1000": 0.001,
        "mrr_at_1": 0.82,
        "mrr_at_3": 0.8716666666666667,
        "mrr_at_5": 0.8766666666666667,
        "mrr_at_10": 0.8780952380952382,
        "mrr_at_20": 0.880142857142857,
        "mrr_at_100": 0.8802492401215807,
        "mrr_at_1000": 0.8802492401215807,
        "naucs_at_1_max": -0.11088700329206627,
        "naucs_at_1_std": 0.012333657903278526,
        "naucs_at_1_diff1": 0.9327676542866412,
        "naucs_at_3_max": -0.08097312999273706,
        "naucs_at_3_std": -0.3267973856209136,
        "naucs_at_3_diff1": 0.8078120136943666,
        "naucs_at_5_max": -0.21157796451913494,
        "naucs_at_5_std": -0.2671335200746883,
        "naucs_at_5_diff1": 0.9477124183006543,
        "naucs_at_10_max": -0.22163865546218137,
        "naucs_at_10_std": -0.3646125116713284,
        "naucs_at_10_diff1": 0.9346405228758139,
        "naucs_at_20_max": 0.21825396825397442,
        "naucs_at_20_std": 0.42250233426704475,
        "naucs_at_20_diff1": 0.9346405228758136,
        "naucs_at_100_max": NaN,
        "naucs_at_100_std": NaN,
        "naucs_at_100_diff1": NaN,
        "naucs_at_1000_max": NaN,
        "naucs_at_1000_std": NaN,
        "naucs_at_1000_diff1": NaN
    }
}