{
    "vidore/syntheticDocQA_energy_test": {
        "ndcg_at_1": 0.86,
        "ndcg_at_3": 0.90286,
        "ndcg_at_5": 0.91103,
        "ndcg_at_10": 0.91775,
        "ndcg_at_20": 0.91775,
        "ndcg_at_100": 0.9234,
        "ndcg_at_1000": 0.9234,
        "map_at_1": 0.86,
        "map_at_3": 0.89333,
        "map_at_5": 0.89783,
        "map_at_10": 0.90075,
        "map_at_20": 0.90075,
        "map_at_100": 0.90157,
        "map_at_1000": 0.90157,
        "recall_at_1": 0.86,
        "recall_at_3": 0.93,
        "recall_at_5": 0.95,
        "recall_at_10": 0.97,
        "recall_at_20": 0.97,
        "recall_at_100": 1.0,
        "recall_at_1000": 1.0,
        "precision_at_1": 0.86,
        "precision_at_3": 0.31,
        "precision_at_5": 0.19,
        "precision_at_10": 0.097,
        "precision_at_20": 0.0485,
        "precision_at_100": 0.01,
        "precision_at_1000": 0.001,
        "mrr_at_1": 0.87,
        "mrr_at_3": 0.9066666666666667,
        "mrr_at_5": 0.9091666666666667,
        "mrr_at_10": 0.9108333333333333,
        "mrr_at_20": 0.9108333333333333,
        "mrr_at_100": 0.9117095238095237,
        "mrr_at_1000": 0.9117095238095237,
        "naucs_at_1_max": -0.13256893446030155,
        "naucs_at_1_std": -0.10492586947485165,
        "naucs_at_1_diff1": 0.9381668283220175,
        "naucs_at_3_max": -0.2981192476990797,
        "naucs_at_3_std": -0.4822595704948632,
        "naucs_at_3_diff1": 0.9019607843137243,
        "naucs_at_5_max": 0.043323996265178216,
        "naucs_at_5_std": -0.21447245564892045,
        "naucs_at_5_diff1": 0.9183006535947721,
        "naucs_at_10_max": 0.08839091192031695,
        "naucs_at_10_std": -0.21055088702147062,
        "naucs_at_10_diff1": 1.0,
        "naucs_at_20_max": 0.08839091192031695,
        "naucs_at_20_std": -0.21055088702147062,
        "naucs_at_20_diff1": 1.0,
        "naucs_at_100_max": NaN,
        "naucs_at_100_std": NaN,
        "naucs_at_100_diff1": NaN,
        "naucs_at_1000_max": NaN,
        "naucs_at_1000_std": NaN,
        "naucs_at_1000_diff1": NaN
    }
}