{
    "vidore/syntheticDocQA_energy_test": {
        "ndcg_at_1": 0.82,
        "ndcg_at_3": 0.86286,
        "ndcg_at_5": 0.88307,
        "ndcg_at_10": 0.88664,
        "ndcg_at_20": 0.89162,
        "ndcg_at_100": 0.89739,
        "ndcg_at_1000": 0.89739,
        "map_at_1": 0.82,
        "map_at_3": 0.85333,
        "map_at_5": 0.86433,
        "map_at_10": 0.866,
        "map_at_20": 0.86732,
        "map_at_100": 0.86821,
        "map_at_1000": 0.86821,
        "recall_at_1": 0.82,
        "recall_at_3": 0.89,
        "recall_at_5": 0.94,
        "recall_at_10": 0.95,
        "recall_at_20": 0.97,
        "recall_at_100": 1.0,
        "recall_at_1000": 1.0,
        "precision_at_1": 0.82,
        "precision_at_3": 0.29667,
        "precision_at_5": 0.188,
        "precision_at_10": 0.095,
        "precision_at_20": 0.0485,
        "precision_at_100": 0.01,
        "precision_at_1000": 0.001,
        "mrr_at_1": 0.83,
        "mrr_at_3": 0.8733333333333334,
        "mrr_at_5": 0.8783333333333334,
        "mrr_at_10": 0.8783333333333334,
        "mrr_at_20": 0.8797916666666667,
        "mrr_at_100": 0.8807268018018019,
        "mrr_at_1000": 0.8807268018018019,
        "naucs_at_1_max": -0.2394812203987217,
        "naucs_at_1_std": -0.00936226456658203,
        "naucs_at_1_diff1": 0.9098193633660091,
        "naucs_at_3_max": -0.1671248174555438,
        "naucs_at_3_std": -0.20170088480370907,
        "naucs_at_3_diff1": 0.8247573232540127,
        "naucs_at_5_max": -0.06761593526299477,
        "naucs_at_5_std": -0.23996265172735637,
        "naucs_at_5_diff1": 0.8821195144724553,
        "naucs_at_10_max": -0.1527544351073706,
        "naucs_at_10_std": -0.25368814192342565,
        "naucs_at_10_diff1": 0.8846872082166187,
        "naucs_at_20_max": 0.18643012760659658,
        "naucs_at_20_std": -0.27591036414565706,
        "naucs_at_20_diff1": 1.0,
        "naucs_at_100_max": NaN,
        "naucs_at_100_std": NaN,
        "naucs_at_100_diff1": NaN,
        "naucs_at_1000_max": NaN,
        "naucs_at_1000_std": NaN,
        "naucs_at_1000_diff1": NaN
    }
}