{
    "vidore/syntheticDocQA_energy_test": {
        "ndcg_at_1": 0.82,
        "ndcg_at_3": 0.87678,
        "ndcg_at_5": 0.89401,
        "ndcg_at_10": 0.9005,
        "ndcg_at_20": 0.9005,
        "ndcg_at_100": 0.90594,
        "ndcg_at_1000": 0.90594,
        "map_at_1": 0.82,
        "map_at_3": 0.865,
        "map_at_5": 0.875,
        "map_at_10": 0.87768,
        "map_at_20": 0.87768,
        "map_at_100": 0.87839,
        "map_at_1000": 0.87839,
        "recall_at_1": 0.82,
        "recall_at_3": 0.91,
        "recall_at_5": 0.95,
        "recall_at_10": 0.97,
        "recall_at_20": 0.97,
        "recall_at_100": 1.0,
        "recall_at_1000": 1.0,
        "precision_at_1": 0.82,
        "precision_at_3": 0.30333,
        "precision_at_5": 0.19,
        "precision_at_10": 0.097,
        "precision_at_20": 0.0485,
        "precision_at_100": 0.01,
        "precision_at_1000": 0.001,
        "mrr_at_1": 0.85,
        "mrr_at_3": 0.8883333333333334,
        "mrr_at_5": 0.8933333333333334,
        "mrr_at_10": 0.8966666666666667,
        "mrr_at_20": 0.8966666666666667,
        "mrr_at_100": 0.8974589880780232,
        "mrr_at_1000": 0.8974589880780232,
        "naucs_at_1_max": -0.016191210485735293,
        "naucs_at_1_std": 0.04942724969710254,
        "naucs_at_1_diff1": 0.9149135367331201,
        "naucs_at_3_max": -0.18336964415395735,
        "naucs_at_3_std": -0.21459694989106692,
        "naucs_at_3_diff1": 0.8270048760244858,
        "naucs_at_5_max": 0.043323996265178216,
        "naucs_at_5_std": -0.21447245564892045,
        "naucs_at_5_diff1": 0.88888888888889,
        "naucs_at_10_max": 0.08839091192031695,
        "naucs_at_10_std": -0.21055088702147062,
        "naucs_at_10_diff1": 1.0,
        "naucs_at_20_max": 0.08839091192031695,
        "naucs_at_20_std": -0.21055088702147062,
        "naucs_at_20_diff1": 1.0,
        "naucs_at_100_max": NaN,
        "naucs_at_100_std": NaN,
        "naucs_at_100_diff1": NaN,
        "naucs_at_1000_max": NaN,
        "naucs_at_1000_std": NaN,
        "naucs_at_1000_diff1": NaN
    }
}