{
    "vidore/syntheticDocQA_energy_test": {
        "ndcg_at_1": 0.84,
        "ndcg_at_3": 0.90547,
        "ndcg_at_5": 0.90547,
        "ndcg_at_10": 0.9126,
        "ndcg_at_20": 0.9126,
        "ndcg_at_100": 0.91807,
        "ndcg_at_1000": 0.91807,
        "map_at_1": 0.84,
        "map_at_3": 0.89,
        "map_at_5": 0.89,
        "map_at_10": 0.89333,
        "map_at_20": 0.89333,
        "map_at_100": 0.89405,
        "map_at_1000": 0.89405,
        "recall_at_1": 0.84,
        "recall_at_3": 0.95,
        "recall_at_5": 0.95,
        "recall_at_10": 0.97,
        "recall_at_20": 0.97,
        "recall_at_100": 1.0,
        "recall_at_1000": 1.0,
        "precision_at_1": 0.84,
        "precision_at_3": 0.31667,
        "precision_at_5": 0.19,
        "precision_at_10": 0.097,
        "precision_at_20": 0.0485,
        "precision_at_100": 0.01,
        "precision_at_1000": 0.001,
        "mrr_at_1": 0.85,
        "mrr_at_3": 0.8983333333333334,
        "mrr_at_5": 0.9003333333333333,
        "mrr_at_10": 0.9020000000000001,
        "mrr_at_20": 0.9020000000000001,
        "mrr_at_100": 0.9027345679012345,
        "mrr_at_1000": 0.9027345679012345,
        "naucs_at_1_max": -0.06777736867942998,
        "naucs_at_1_std": -0.04952135493372696,
        "naucs_at_1_diff1": 0.9062653411880215,
        "naucs_at_3_max": 0.0903828197945835,
        "naucs_at_3_std": -0.21447245564892325,
        "naucs_at_3_diff1": 0.9183006535947692,
        "naucs_at_5_max": 0.09038281979458772,
        "naucs_at_5_std": -0.21447245564892045,
        "naucs_at_5_diff1": 0.9183006535947721,
        "naucs_at_10_max": 0.08839091192031695,
        "naucs_at_10_std": -0.21055088702147062,
        "naucs_at_10_diff1": 1.0,
        "naucs_at_20_max": 0.08839091192031695,
        "naucs_at_20_std": -0.21055088702147062,
        "naucs_at_20_diff1": 1.0,
        "naucs_at_100_max": NaN,
        "naucs_at_100_std": NaN,
        "naucs_at_100_diff1": NaN,
        "naucs_at_1000_max": NaN,
        "naucs_at_1000_std": NaN,
        "naucs_at_1000_diff1": NaN
    }
}