{
    "vidore/syntheticDocQA_energy_test": {
        "ndcg_at_1": 0.78,
        "ndcg_at_3": 0.85678,
        "ndcg_at_5": 0.86927,
        "ndcg_at_10": 0.87572,
        "ndcg_at_20": 0.88057,
        "ndcg_at_100": 0.8827,
        "ndcg_at_1000": 0.88416,
        "map_at_1": 0.78,
        "map_at_3": 0.83833,
        "map_at_5": 0.84533,
        "map_at_10": 0.848,
        "map_at_20": 0.84922,
        "map_at_100": 0.84962,
        "map_at_1000": 0.84971,
        "recall_at_1": 0.78,
        "recall_at_3": 0.91,
        "recall_at_5": 0.94,
        "recall_at_10": 0.96,
        "recall_at_20": 0.98,
        "recall_at_100": 0.99,
        "recall_at_1000": 1.0,
        "precision_at_1": 0.78,
        "precision_at_3": 0.30333,
        "precision_at_5": 0.188,
        "precision_at_10": 0.096,
        "precision_at_20": 0.049,
        "precision_at_100": 0.0099,
        "precision_at_1000": 0.001,
        "mrr_at_1": 0.81,
        "mrr_at_3": 0.8616666666666667,
        "mrr_at_5": 0.8686666666666666,
        "mrr_at_10": 0.8697777777777778,
        "mrr_at_20": 0.8711170634920634,
        "mrr_at_100": 0.871571608946609,
        "mrr_at_1000": 0.8716677627927628,
        "naucs_at_1_max": -0.09433393610608823,
        "naucs_at_1_std": 0.09169100941252845,
        "naucs_at_1_diff1": 0.91491630732137,
        "naucs_at_3_max": -0.08097312999273706,
        "naucs_at_3_std": -0.3006535947712411,
        "naucs_at_3_diff1": 0.8264861500155635,
        "naucs_at_5_max": -0.11663554310613213,
        "naucs_at_5_std": -0.21195144724556436,
        "naucs_at_5_diff1": 0.8821195144724553,
        "naucs_at_10_max": -0.22163865546218137,
        "naucs_at_10_std": -0.3057889822595666,
        "naucs_at_10_diff1": 0.9346405228758139,
        "naucs_at_20_max": 0.21825396825397442,
        "naucs_at_20_std": 0.540149393090577,
        "naucs_at_20_diff1": 0.9346405228758136,
        "naucs_at_100_max": -0.5634920634920583,
        "naucs_at_100_std": 0.35807656395892007,
        "naucs_at_100_diff1": 0.8692810457516374,
        "naucs_at_1000_max": NaN,
        "naucs_at_1000_std": NaN,
        "naucs_at_1000_diff1": NaN
    }
}