{
    "1": 1.340976537001552,
    "2": 1.3133448520002275,
    "3": 1.3169642850007222,
    "4": 1.3068864019987814,
    "5": 1.2865622829995118,
    "6": 1.3089951540005131,
    "7": 1.3072519699999248,
    "8": 1.3109119740001915,
    "9": 1.2805748549999407,
    "10": 1.3085861050003587,
    "20": 1.320226902000286,
    "30": 1.2932235110001784
}