{
    "1": 1.4531411949999438,
    "2": 1.4258070839998709,
    "3": 1.4061392789999445,
    "4": 1.4125024089998988,
    "5": 1.4467524859996956,
    "6": 1.453736096999819,
    "7": 1.348514712999986
}