{
    "1": 3.2514233700003388,
    "2": 3.247544198999094,
    "3": 3.265735507999125,
    "4": 3.2981614740001532,
    "5": 3.2731373560000065,
    "6": 3.201320955000483,
    "7": 3.265637988999515
}