{
    "1": 3.074875850999888,
    "2": 3.151166655000452,
    "3": 3.1302825740003755,
    "4": 3.215661700000055,
    "5": 3.194092434000595,
    "6": 3.1638361919995077,
    "7": 3.0456397930001913,
    "8": 3.1137975789999928,
    "9": 3.0896253390000084,
    "10": 3.2944770069998413,
    "20": 3.3404193100004704,
    "30": 3.228342729999895
}